id,web_name,first_name,second_name,team,team_code,element_type,position,now_cost,total_points,minutes,goals_scored,assists,clean_sheets,goals_conceded,own_goals,penalties_saved,penalties_missed,yellow_cards,red_cards,saves,bonus,bps,influence,creativity,threat,ict_index,starts,expected_goals,expected_assists,expected_goal_involvements,expected_goals_conceded,form,points_per_game,selected_by_percent,status,tackles,recoveries,clearances_blocks_interceptions,defensive_contribution
1,Raya,David,Raya Martín,Arsenal,3,1,GKP,60,15,270,0,0,2,1,0,0,0,0,0,5,0,60,46.2,0.0,0.0,4.7,3,0.00,0.01,0.01,0.92,5.0,5.0,38.8,a,0,30,4,0
2,Arrizabalaga,Kepa,Arrizabalaga Revuelta,Arsenal,3,1,GKP,49,0,0,0,0,0,0,0,0,0,0,0,0,0,0,0.0,0.0,0.0,0.0,0,0.00,0.00,0.00,0.00,0.0,0.0,0.1,a,0,0,0,0
3,Meslier,Illan,Meslier,Arsenal,3,1,GKP,49,0,0,0,0,0,0,0,0,0,0,0,0,0,0,0.0,0.0,0.0,0.0,0,0.00,0.00,0.00,0.00,0.0,0.0,0.0,a,0,0,0,0
4,Gabriel,Gabriel,dos Santos Magalhães,Arsenal,3,2,DEF,80,15,270,0,0,2,1,0,0,0,1,0,0,0,54,48.4,7.4,83.0,13.8,3,0.49,0.05,0.54,0.92,5.0,5.0,24.9,a,2,11,19,21
5,J.Timber,Jurriën,Timber,Arsenal,3,2,DEF,65,0,0,0,0,0,0,0,0,0,0,0,0,0,0,0.0,0.0,0.0,0.0,0,0.00,0.00,0.00,0.00,0.0,0.0,0.1,d,0,0,0,0
6,Saliba,William,Saliba,Arsenal,3,2,DEF,60,0,0,0,0,0,0,0,0,0,0,0,0,0,0,0.0,0.0,0.0,0.0,0,0.00,0.00,0.00,0.00,0.0,0.0,0.2,i,0,0,0,0
7,Lewis-Skelly,Myles,Lewis-Skelly,Arsenal,3,3,MID,55,8,226,0,0,2,1,0,0,0,0,0,0,0,35,21.6,38.8,16.0,7.0,3,0.16,0.23,0.39,0.79,2.7,2.7,0.7,a,1,8,5,14
8,Calafiori,Riccardo,Calafiori,Arsenal,3,2,DEF,57,22,236,0,2,2,1,0,0,0,0,0,0,2,61,51.6,27.3,39.0,11.8,3,0.54,0.58,1.12,0.65,7.3,7.3,47.4,a,3,6,6,9
9,Hincapie,Piero,Hincapié,Arsenal,3,2,DEF,53,2,32,0,0,0,0,0,0,0,0,0,0,0,6,6.4,1.0,2.0,1.0,0,0.00,0.00,0.00,0.28,0.7,1.0,1.1,a,1,0,2,3
10,White,Benjamin,White,Arsenal,3,2,DEF,55,20,270,0,1,2,1,0,0,0,0,0,0,3,74,65.4,52.2,23.0,14.1,3,0.18,0.29,0.47,0.92,6.7,6.7,7.6,a,4,9,11,15
11,Mosquera,Cristhian,Mosquera,Arsenal,3,2,DEF,54,12,168,0,0,2,0,0,0,0,0,0,0,0,52,24.6,2.0,0.0,2.7,2,0.00,0.01,0.01,0.53,4.0,6.0,3.6,d,0,3,10,10
12,Saka,Bukayo,Saka,Arsenal,3,3,MID,95,22,246,2,0,2,1,0,0,0,0,0,0,4,95,94.4,61.9,147.0,30.3,3,1.50,0.35,1.85,0.78,7.3,7.3,11.4,a,4,12,6,22
13,Rice,Declan,Rice,Arsenal,3,3,MID,74,13,241,0,1,2,1,0,0,0,0,0,0,0,51,64.6,53.9,4.0,12.3,3,0.10,0.26,0.36,0.78,4.3,4.3,13.7,a,3,11,10,24
14,Eze,Eberechi,Eze,Arsenal,3,3,MID,64,2,59,0,0,0,0,0,0,0,0,0,0,0,10,1.6,3.8,3.0,0.7,0,0.04,0.07,0.11,0.39,0.7,1.0,1.3,a,0,5,0,5
15,Ødegaard,Martin,Ødegaard,Arsenal,3,3,MID,66,24,221,2,0,2,1,0,0,0,0,0,0,6,101,102.4,102.5,66.0,27.1,3,1.01,1.05,2.06,0.66,8.0,8.0,13.0,a,5,8,3,16
16,Madueke,Noni,Madueke,Arsenal,3,3,MID,63,2,23,0,0,0,0,0,0,0,0,0,0,0,11,11.6,43.9,0.0,5.6,0,0.00,0.05,0.05,0.15,0.7,1.0,0.2,a,1,2,0,3
17,Merino,Mikel,Merino Zazón,Arsenal,3,3,MID,59,2,46,0,0,0,0,0,0,0,1,0,0,0,12,6.4,3.3,14.0,2.4,0,0.14,0.02,0.16,0.26,0.7,0.7,0.5,a,0,6,0,6
18,Martinelli,Gabriel,Martinelli Silva,Arsenal,3,3,MID,63,0,0,0,0,0,0,0,0,0,0,0,0,0,0,0.0,0.0,0.0,0.0,0,0.00,0.00,0.00,0.00,0.0,0.0,0.1,u,0,0,0,0
19,Zubimendi,Martín,Zubimendi Ibáñez,Arsenal,3,3,MID,54,3,50,0,0,0,0,0,0,0,0,0,0,0,9,10.0,4.0,11.0,2.5,0,0.08,0.04,0.12,0.28,1.0,1.0,0.7,a,3,2,4,9
20,Dowman,Max,Dowman,Arsenal,3,3,MID,53,0,0,0,0,0,0,0,0,0,0,0,0,0,0,0.0,0.0,0.0,0.0,0,0.00,0.00,0.00,0.00,0.0,0.0,0.1,a,0,0,0,0
22,Nwaneri,Ethan,Nwaneri,Arsenal,3,3,MID,54,0,0,0,0,0,0,0,0,0,0,0,0,0,0,0.0,0.0,0.0,0.0,0,0.00,0.00,0.00,0.00,0.0,0.0,0.0,u,0,0,0,0
23,Fábio Vieira,Fábio,Ferreira Vieira,Arsenal,3,3,MID,55,0,0,0,0,0,0,0,0,0,0,0,0,0,0,0.0,0.0,0.0,0.0,0,0.00,0.00,0.00,0.00,0.0,0.0,0.0,u,0,0,0,0
24,Nelson,Reiss,Nelson,Arsenal,3,3,MID,55,0,0,0,0,0,0,0,0,0,0,0,0,0,0,0.0,0.0,0.0,0.0,0,0.00,0.00,0.00,0.00,0.0,0.0,0.0,u,0,0,0,0
25,Gyökeres,Viktor,Gyökeres,Arsenal,3,4,FWD,73,1,12,0,0,0,0,0,0,0,0,0,0,0,2,0.0,0.1,0.0,0.0,0,0.00,0.00,0.00,0.11,0.3,1.0,4.1,a,0,1,0,1
26,Havertz,Kai,Havertz,Arsenal,3,4,FWD,75,16,257,2,0,2,1,0,0,0,0,0,0,2,77,82.6,53.6,105.0,24.1,3,0.55,0.33,0.88,0.80,5.3,5.3,7.4,a,0,5,3,8
27,G.Jesus,Gabriel,Fernando de Jesus,Arsenal,3,4,FWD,59,0,0,0,0,0,0,0,0,0,0,0,0,0,0,0.0,0.0,0.0,0.0,0,0.00,0.00,0.00,0.00,0.0,0.0,0.2,u,0,0,0,0
31,Konsa,Ezri,Konsa Ngoyo,Arsenal,3,2,DEF,44,5,101,0,0,0,1,0,0,0,0,0,0,0,18,22.6,1.5,4.0,2.8,1,0.00,0.01,0.01,0.39,1.7,2.5,12.9,a,3,5,8,11
452,Bruno G.,Bruno,Guimarães Rodriguez Moura,Arsenal,3,3,MID,68,1,19,0,0,0,0,0,0,0,0,0,0,0,4,1.4,0.8,2.0,0.4,0,0.00,0.01,0.01,0.00,0.3,1.0,1.9,a,0,3,0,3
557,Tzolis,Christos,Tzolis,Arsenal,3,3,MID,64,11,210,0,2,1,1,0,0,0,2,0,0,1,62,47.6,101.6,38.0,18.8,3,0.19,0.35,0.54,0.55,3.7,3.7,17.6,a,2,10,5,17
29,M.Bizot,Marco,Bizot,Aston Villa,7,1,GKP,45,1,90,0,0,0,4,0,0,0,0,0,3,0,1,28.2,0.0,0.0,2.8,1,0.00,0.00,0.00,3.77,0.3,1.0,0.1,a,0,6,2,0
30,Digne,Lucas,Digne,Aston Villa,7,2,DEF,45,0,0,0,0,0,0,0,0,0,0,0,0,0,0,0.0,0.0,0.0,0.0,0,0.00,0.00,0.00,0.00,0.0,0.0,0.1,u,0,0,0,0
32,Cash,Matty,Cash,Aston Villa,7,2,DEF,45,7,251,0,0,1,5,0,0,0,1,0,0,0,23,32.4,19.2,13.0,6.5,3,0.15,0.04,0.19,5.03,2.3,2.3,6.9,a,6,2,8,14
33,Mings,Tyrone,Mings,Aston Villa,7,2,DEF,45,7,106,0,0,1,0,0,0,0,0,0,0,0,33,16.8,4.4,13.0,3.4,1,0.11,0.02,0.13,0.79,2.3,3.5,0.4,a,2,2,4,6
34,Pau,Pau,Torres,Aston Villa,7,2,DEF,45,2,163,0,0,0,5,0,0,0,0,0,0,0,-8,11.0,1.5,0.0,1.2,2,0.00,0.01,0.01,4.59,0.7,1.0,0.4,a,1,9,8,9
35,Bogarde,Lamare,Bogarde,Aston Villa,7,3,MID,50,1,16,0,0,0,0,0,0,0,0,0,0,0,3,2.2,0.5,0.0,0.3,0,0.00,0.00,0.00,0.22,0.3,1.0,0.1,a,0,0,1,1
36,Maatsen,Ian,Maatsen,Aston Villa,7,2,DEF,45,8,245,0,0,1,5,0,0,0,1,0,0,1,15,24.6,21.1,19.0,6.4,3,0.10,0.42,0.52,4.88,2.7,2.7,0.8,a,6,4,14,20
37,Lindelöf,Victor,Lindelöf,Aston Villa,7,2,DEF,45,6,270,0,0,1,5,1,0,0,0,0,0,0,25,39.2,26.2,2.0,6.7,3,0.00,0.16,0.16,5.38,2.0,2.0,0.3,a,1,5,13,14
38,A.García,Andrés,García,Aston Villa,7,2,DEF,40,0,0,0,0,0,0,0,0,0,0,0,0,0,0,0.0,0.0,0.0,0.0,0,0.00,0.00,0.00,0.00,0.0,0.0,1.7,a,0,0,0,0
39,Nedeljkovic,Kosta,Nedeljkovic,Aston Villa,7,2,DEF,40,0,0,0,0,0,0,0,0,0,0,0,0,0,0,0.0,0.0,0.0,0.0,0,0.00,0.00,0.00,0.00,0.0,0.0,0.2,u,0,0,0,0
41,Buendía,Emiliano,Buendía Stati,Aston Villa,7,3,MID,59,7,249,0,0,1,5,0,0,0,0,0,0,0,15,5.0,40.3,24.0,6.3,3,0.78,0.16,0.94,4.88,2.3,2.3,1.0,a,2,9,3,14
44,Bailey,Leon,Bailey,Aston Villa,7,3,MID,54,0,0,0,0,0,0,0,0,0,0,0,0,0,0,0.0,0.0,0.0,0.0,0,0.00,0.00,0.00,0.00,0.0,0.0,0.1,u,0,0,0,0
45,McGinn,John,McGinn,Aston Villa,7,3,MID,54,5,261,0,0,1,5,0,0,0,2,0,0,0,16,3.0,20.0,15.0,3.3,3,0.77,0.09,0.86,5.23,1.7,1.7,2.3,a,4,7,4,15
46,Barkley,Ross,Barkley,Aston Villa,7,3,MID,50,7,240,0,0,1,5,0,0,0,0,0,0,0,49,35.8,78.8,24.0,13.9,3,0.35,0.13,0.48,5.16,2.3,2.3,0.3,a,3,10,4,17
47,Kamara,Boubacar,Kamara,Aston Villa,7,3,MID,50,7,270,0,0,1,5,0,0,0,0,0,0,0,42,35.4,43.2,0.0,7.9,3,0.00,0.10,0.10,5.38,2.3,2.3,0.3,a,4,12,9,25
48,Onana,Amadou,Onana,Aston Villa,7,3,MID,50,0,0,0,0,0,0,0,0,0,0,0,0,0,0,0.0,0.0,0.0,0.0,0,0.00,0.00,0.00,0.00,0.0,0.0,0.0,i,0,0,0,0
49,Iling Jr,Samuel,Iling-Junior,Aston Villa,7,3,MID,50,0,0,0,0,0,0,0,0,0,0,0,0,0,0,0.0,0.0,0.0,0.0,0,0.00,0.00,0.00,0.00,0.0,0.0,0.0,u,0,0,0,0
50,Burrowes,Bradley,Burrowes,Aston Villa,7,3,MID,45,0,0,0,0,0,0,0,0,0,0,0,0,0,0,0.0,0.0,0.0,0.0,0,0.00,0.00,0.00,0.00,0.0,0.0,0.7,a,0,0,0,0
51,George Hemmings,George,Hemmings,Aston Villa,7,3,MID,45,7,234,0,0,1,5,0,0,0,0,0,0,0,29,23.2,29.4,23.0,7.5,3,0.07,0.15,0.22,5.00,2.3,2.3,1.1,a,6,10,2,18
52,Alysson,Alysson Edward Franco,da Rocha dos Santos,Aston Villa,7,3,MID,50,2,42,0,0,0,0,0,0,0,1,0,0,0,10,5.4,2.6,2.0,1.0,0,0.00,0.00,0.00,0.51,0.7,0.7,0.0,a,2,3,1,6
53,Manzambi,Johan,Manzambi,Aston Villa,7,3,MID,59,0,0,0,0,0,0,0,0,0,0,0,0,0,0,0.0,0.0,0.0,0.0,0,0.00,0.00,0.00,0.00,0.0,0.0,0.1,i,0,0,0,0
54,Gomes,Joao,Gomes,Aston Villa,7,3,MID,55,-2,39,0,0,0,4,0,0,0,0,1,0,0,-2,1.0,11.0,0.0,1.2,1,0.00,0.01,0.01,2.58,-0.7,-2.0,0.0,s,4,2,1,7
55,Watkins,Ollie,Watkins,Aston Villa,7,4,FWD,78,0,0,0,0,0,0,0,0,0,0,0,0,0,0,0.0,0.0,0.0,0.0,0,0.00,0.00,0.00,0.00,0.0,0.0,3.5,u,0,0,0,0
56,Abraham,Tammy,Abraham,Aston Villa,7,4,FWD,55,2,24,0,0,0,0,0,0,0,0,0,0,0,6,2.0,2.3,0.0,0.4,0,0.00,0.00,0.00,0.37,0.7,1.0,0.2,a,1,0,0,1
160,Garnacho,Alejandro,Garnacho Ferreyra,Aston Villa,7,3,MID,59,3,31,0,0,0,0,0,0,0,0,0,0,0,9,1.2,3.6,0.0,0.5,0,0.00,0.00,0.00,0.49,1.0,1.0,0.4,a,0,2,0,2
166,N.Jackson,Nicolas,Jackson,Aston Villa,7,4,FWD,65,4,154,0,0,1,1,0,0,0,0,0,0,0,21,5.4,23.4,22.0,5.1,2,0.24,0.54,0.78,1.23,1.3,2.0,1.1,a,0,5,0,5
582,Madjo,Brian,Madjo,Aston Villa,7,4,FWD,55,0,0,0,0,0,0,0,0,0,0,0,0,0,0,0.0,0.0,0.0,0.0,0,0.00,0.00,0.00,0.00,0.0,0.0,0.3,i,0,0,0,0
596,Ruggeri,Matteo,Ruggeri,Aston Villa,7,2,DEF,45,2,23,0,0,0,0,0,0,0,0,0,0,0,6,6.6,2.6,0.0,0.9,0,0.00,0.01,0.01,0.49,0.7,1.0,0.1,a,2,2,1,3
597,Suzuki,Zion,Suzuki,Aston Villa,7,1,GKP,50,12,180,0,0,1,1,0,0,0,0,0,5,3,46,40.8,0.0,0.0,4.1,2,0.00,0.00,0.00,1.61,4.0,6.0,1.5,a,0,22,3,0
606,Rowe,Triston,Rowe,Aston Villa,7,2,DEF,40,0,0,0,0,0,0,0,0,0,0,0,0,0,0,0.0,0.0,0.0,0.0,0,0.00,0.00,0.00,0.00,0.0,0.0,0.2,a,0,0,0,0
607,Lynch,Luka,Lynch,Aston Villa,7,3,MID,45,0,0,0,0,0,0,0,0,0,0,0,0,0,0,0.0,0.0,0.0,0.0,0,0.00,0.00,0.00,0.00,0.0,0.0,0.1,u,0,0,0,0
611,Wan-Bissaka,Aaron,Wan-Bissaka,Aston Villa,7,2,DEF,45,2,17,0,0,0,0,0,0,0,0,0,0,0,7,6.4,1.7,0.0,0.8,0,0.00,0.00,0.00,0.35,1.0,1.0,0.2,a,2,0,1,3
618,Goretzka,Leon,Goretzka,Aston Villa,7,3,MID,60,0,0,0,0,0,0,0,0,0,0,0,0,0,0,0.0,0.0,0.0,0.0,0,0.00,0.00,0.00,0.00,0.0,0.0,0.1,a,0,0,0,0
630,Harwood-Bellis,Taylor,Harwood-Bellis,Aston Villa,7,2,DEF,45,0,0,0,0,0,0,0,0,0,0,0,0,0,0,0.0,0.0,0.0,0.0,0,0.00,0.00,0.00,0.00,0.0,0.0,0.0,a,0,0,0,0
631,Mbaye,Ibrahim,Mbaye,Aston Villa,7,3,MID,60,0,0,0,0,0,0,0,0,0,0,0,0,0,0,0.0,0.0,0.0,0.0,0,0.00,0.00,0.00,0.00,0.0,0.0,0.1,a,0,0,0,0
57,Petrović,Đorđe,Petrović,Bournemouth,91,1,GKP,45,6,270,0,0,0,5,0,0,0,0,0,9,0,33,74.0,0.0,0.0,7.4,3,0.00,0.00,0.00,4.80,2.0,2.0,3.3,a,0,21,6,0
58,Forster,Fraser,Forster,Bournemouth,91,1,GKP,40,0,0,0,0,0,0,0,0,0,0,0,0,0,0,0.0,0.0,0.0,0.0,0,0.00,0.00,0.00,0.00,0.0,0.0,3.4,a,0,0,0,0
59,Dennis,Will,Dennis,Bournemouth,91,1,GKP,40,0,0,0,0,0,0,0,0,0,0,0,0,0,0,0.0,0.0,0.0,0.0,0,0.00,0.00,0.00,0.00,0.0,0.0,0.1,u,0,0,0,0
60,Hill,James,Hill,Bournemouth,91,2,DEF,55,6,270,0,0,0,5,0,0,0,0,0,0,0,23,54.0,52.8,6.0,11.3,3,0.00,0.76,0.76,4.80,2.0,2.0,0.8,a,4,5,20,24
61,Truffert,Adrien,Truffert,Bournemouth,91,2,DEF,55,5,270,0,0,0,5,0,0,0,1,0,0,2,24,53.4,40.7,6.0,10.1,3,0.01,0.13,0.14,4.80,1.7,1.7,3.6,a,7,18,15,22
62,Diakité,Bafodé,Diakité,Bournemouth,91,2,DEF,50,0,0,0,0,0,0,0,0,0,0,0,0,0,0,0.0,0.0,0.0,0.0,0,0.00,0.00,0.00,0.00,0.0,0.0,0.2,a,0,0,0,0
63,Milosavljević,Veljko,Milosavljevic,Bournemouth,91,2,DEF,50,0,0,0,0,0,0,0,0,0,0,0,0,0,0,0.0,0.0,0.0,0.0,0,0.00,0.00,0.00,0.00,0.0,0.0,0.0,i,0,0,0,0
64,Smith,Adam,Smith,Bournemouth,91,2,DEF,45,2,270,0,0,0,5,0,0,0,2,0,0,0,12,32.2,41.6,4.0,7.8,3,0.01,0.06,0.07,4.80,0.7,0.7,0.1,a,4,9,11,15
65,J.Araujo,Julián,Araujo Zúñiga,Bournemouth,91,2,DEF,44,0,0,0,0,0,0,0,0,0,0,0,0,0,0,0.0,0.0,0.0,0.0,0,0.00,0.00,0.00,0.00,0.0,0.0,0.0,i,0,0,0,0
66,Soler,Julio,Soler Barreto,Bournemouth,91,2,DEF,40,0,0,0,0,0,0,0,0,0,0,0,0,0,0,0.0,0.0,0.0,0.0,0,0.00,0.00,0.00,0.00,0.0,0.0,0.3,a,0,0,0,0
67,Rayan,Rayan Vitor,Simplício Rocha,Bournemouth,91,3,MID,64,6,266,0,0,0,4,0,0,0,0,0,0,0,21,16.4,15.7,71.0,10.4,3,0.48,0.06,0.54,4.56,2.0,2.0,2.1,a,2,3,3,8
68,Tavernier,Marcus,Tavernier,Bournemouth,91,3,MID,60,21,268,2,0,0,5,0,0,0,1,0,0,6,95,101.6,68.7,106.0,27.6,3,1.50,0.34,1.84,4.75,7.0,7.0,3.1,a,7,18,3,28
69,Scott,Alex,Scott,Bournemouth,91,3,MID,60,24,266,1,2,1,4,0,0,0,1,0,0,5,93,72.4,59.8,33.0,16.5,3,0.33,0.30,0.63,4.67,8.0,8.0,4.0,a,7,21,9,37
70,Kluivert,Justin,Kluivert,Bournemouth,91,3,MID,60,7,229,0,0,2,1,0,0,0,1,0,0,0,33,22.2,43.2,77.0,13.9,3,0.78,0.06,0.84,4.09,2.3,2.3,1.0,a,4,13,1,18
71,Cook,Lewis,Cook,Bournemouth,91,3,MID,50,7,157,0,0,2,1,0,0,0,0,0,0,0,23,8.4,15.2,0.0,2.4,2,0.00,0.01,0.01,3.84,2.3,2.3,0.2,a,1,5,4,10
72,Gannon-Doak,Ben,Gannon-Doak,Bournemouth,91,3,MID,49,2,2,0,0,0,1,0,0,0,0,0,0,0,6,2.2,0.6,7.0,1.0,0,0.02,0.00,0.02,0.24,0.7,1.0,0.1,a,1,2,0,3
73,Adams,Tyler,Adams,Bournemouth,91,3,MID,50,6,111,0,0,0,4,0,0,0,0,0,0,0,23,17.4,13.4,0.0,3.1,1,0.00,0.01,0.01,0.95,2.0,2.0,0.3,a,3,11,4,18
74,Brooks,David,Brooks,Bournemouth,91,3,MID,50,2,23,0,0,0,2,0,0,0,0,0,0,0,5,0.0,1.6,0.0,0.1,0,0.00,0.01,0.01,0.39,0.7,1.0,0.1,a,0,0,0,0
75,Christie,Ryan,Christie,Bournemouth,91,3,MID,50,2,4,0,0,0,1,0,0,0,0,0,0,0,8,2.8,0.3,0.0,0.3,0,0.00,0.00,0.00,0.13,0.7,1.0,0.0,a,1,1,0,2
76,Tóth.A,Alex,Tóth,Bournemouth,91,3,MID,50,1,15,0,0,0,2,0,0,0,0,0,0,0,5,2.8,0.6,0.0,0.3,0,0.00,0.00,0.00,0.31,0.3,1.0,0.0,a,1,1,0,2
77,Adli,Amine,Adli,Bournemouth,91,3,MID,49,0,0,0,0,0,0,0,0,0,0,0,0,0,0,0.0,0.0,0.0,0.0,0,0.00,0.00,0.00,0.00,0.0,0.0,0.0,i,0,0,0,0
78,Kroupi.Jr,Junior,Kroupi,Bournemouth,91,3,MID,74,0,0,0,0,0,0,0,0,0,0,0,0,0,0,0.0,0.0,0.0,0.0,0,0.00,0.00,0.00,0.00,0.0,0.0,0.2,i,0,0,0,0
79,Evanilson,Francisco Evanilson,de Lima Barbosa,Bournemouth,91,4,FWD,60,11,244,0,2,2,2,0,0,0,1,0,0,0,32,37.6,39.2,45.0,12.1,3,0.71,0.26,0.97,4.32,3.7,3.7,3.3,a,1,8,9,18
80,Enes Ünal,Enes,Ünal,Bournemouth,91,4,FWD,55,0,0,0,0,0,0,0,0,0,0,0,0,0,0,0.0,0.0,0.0,0.0,0,0.00,0.00,0.00,0.00,0.0,0.0,0.0,u,0,0,0,0
81,Rodríguez,Álvaro,Rodríguez,Bournemouth,91,4,FWD,60,1,9,0,0,0,1,0,0,0,0,0,0,0,4,0.0,0.0,0.0,0.0,0,0.00,0.00,0.00,0.16,0.3,1.0,0.1,a,0,1,0,1
566,Silva,António João,Pereira de Albuquerque Tavares da Silva,Bournemouth,91,2,DEF,50,7,270,0,0,0,5,0,0,0,1,0,0,0,24,73.8,3.3,30.0,10.7,3,0.27,0.04,0.31,4.80,2.3,2.3,0.4,a,3,7,28,31
573,Sanchez,Juanlu,Sánchez,Bournemouth,91,2,DEF,45,0,0,0,0,0,0,0,0,0,0,0,0,0,0,0.0,0.0,0.0,0.0,0,0.00,0.00,0.00,0.00,0.0,0.0,0.2,a,0,0,0,0
608,Jebbison,Daniel,Jebbison,Bournemouth,91,4,FWD,50,2,16,0,0,0,2,0,0,0,0,0,0,0,10,3.4,0.8,17.0,2.1,0,0.10,0.00,0.10,0.36,0.7,1.0,0.1,a,0,1,0,1
615,Di Gregorio,Michele,Di Gregorio,Bournemouth,91,1,GKP,45,0,0,0,0,0,0,0,0,0,0,0,0,0,0,0.0,0.0,0.0,0.0,0,0.00,0.00,0.00,0.00,0.0,0.0,0.0,a,0,0,0,0
82,Kelleher,Caoimhín,Kelleher,Brentford,94,1,GKP,50,11,270,0,0,1,2,0,0,0,0,0,7,0,51,57.6,0.0,0.0,5.7,3,0.00,0.01,0.01,3.74,3.7,3.7,6.8,a,0,15,4,0
83,Valdimarsson,Hákon Rafn,Valdimarsson,Brentford,94,1,GKP,45,0,0,0,0,0,0,0,0,0,0,0,0,0,0,0.0,0.0,0.0,0.0,0,0.00,0.00,0.00,0.00,0.0,0.0,0.1,a,0,0,0,0
84,Collins,Nathan,Collins,Brentford,94,2,DEF,55,10,196,0,0,1,1,0,0,0,1,0,0,0,39,40.6,22.4,51.0,11.4,3,0.51,0.05,0.56,2.13,3.3,3.3,1.8,d,2,11,15,17
85,Van den Berg,Sepp,van den Berg,Brentford,94,2,DEF,49,0,0,0,0,0,0,0,0,0,0,0,0,0,0,0.0,0.0,0.0,0.0,0,0.00,0.00,0.00,0.00,0.0,0.0,0.1,i,0,0,0,0
86,Lewis-Potter,Keane,Lewis-Potter,Brentford,94,3,MID,55,18,267,1,1,1,2,0,0,0,0,0,0,3,70,93.8,92.6,43.0,22.9,3,1.03,0.65,1.68,3.74,6.0,6.0,2.2,a,4,12,11,27
87,Ajer,Kristoffer,Ajer,Brentford,94,2,DEF,45,13,270,0,0,1,2,0,0,0,1,0,0,0,44,69.6,22.2,37.0,12.9,3,0.11,0.03,0.14,3.74,4.3,4.3,5.0,a,2,7,30,32
88,Kayode,Michael,Kayode,Brentford,94,2,DEF,46,16,207,1,0,1,1,0,0,0,0,0,0,1,47,55.8,17.8,56.0,12.9,3,0.55,0.21,0.76,2.28,5.3,5.3,9.2,a,1,11,12,13
89,Henry,Rico,Henry,Brentford,94,2,DEF,45,1,2,0,0,0,0,0,0,0,0,0,0,0,3,0.0,0.0,0.0,0.0,0,0.00,0.00,0.00,0.00,0.3,1.0,0.2,a,0,0,0,0
90,Hickey,Aaron,Hickey,Brentford,94,2,DEF,45,3,61,0,0,0,1,0,0,0,0,0,0,0,8,11.6,5.4,0.0,1.7,0,0.00,0.02,0.02,1.46,1.0,1.0,0.1,a,2,4,4,6
92,Ji-soo,Kim,Ji-soo,Brentford,94,2,DEF,45,0,0,0,0,0,0,0,0,0,0,0,0,0,0,0.0,0.0,0.0,0.0,0,0.00,0.00,0.00,0.00,0.0,0.0,0.0,a,0,0,0,0
93,Schuster,Jannik,Schuster,Brentford,94,2,DEF,45,4,73,0,0,0,1,0,0,0,0,0,0,0,11,17.2,0.2,4.0,2.1,0,0.10,0.01,0.11,1.61,1.3,4.0,0.1,a,0,0,10,10
94,Schade,Kevin,Schade,Brentford,94,3,MID,60,15,267,1,0,1,2,0,0,0,0,0,0,3,62,64.0,36.2,101.0,20.1,3,0.77,0.20,0.97,3.74,5.0,5.0,4.0,a,5,14,4,23
95,O.Dango,Dango,Ouattara,Brentford,94,3,MID,64,5,140,0,0,1,1,0,0,0,0,0,0,0,28,23.2,57.6,17.0,9.8,2,0.07,0.38,0.45,2.18,1.7,1.7,0.7,a,2,14,8,24
96,Damsgaard,Mikkel,Damsgaard,Brentford,94,3,MID,55,12,167,0,1,1,1,0,0,0,0,0,0,3,56,34.2,87.2,31.0,15.3,2,0.03,0.45,0.48,1.86,4.0,4.0,0.5,a,3,11,3,17
97,Jensen,Mathias,Jensen,Brentford,94,3,MID,55,6,66,0,1,1,0,0,0,0,0,0,0,0,22,12.6,46.2,13.0,7.2,1,0.08,0.34,0.42,0.47,2.0,6.0,0.1,i,2,3,0,5
98,Janelt,Vitaly,Janelt,Brentford,94,3,MID,50,21,270,2,0,1,2,0,0,0,3,0,0,3,76,117.6,77.3,45.0,24.0,3,0.50,0.32,0.82,3.74,7.0,7.0,1.4,a,11,10,14,35
99,Milambo,Antoni,Milambo,Brentford,94,3,MID,50,0,0,0,0,0,0,0,0,0,0,0,0,0,0,0.0,0.0,0.0,0.0,0,0.00,0.00,0.00,0.00,0.0,0.0,0.0,i,0,0,0,0
100,Carvalho,Fábio,Freitas Gouveia Carvalho,Brentford,94,3,MID,50,0,0,0,0,0,0,0,0,0,0,0,0,0,0,0.0,0.0,0.0,0.0,0,0.00,0.00,0.00,0.00,0.0,0.0,0.0,a,0,0,0,0
102,Yarmoliuk,Yehor,Yarmoliuk,Brentford,94,3,MID,49,2,89,0,0,0,2,0,0,0,1,0,0,0,12,7.6,16.7,9.0,3.4,0,0.07,0.03,0.10,2.78,0.7,0.7,0.8,a,3,6,2,11
103,Dasilva,Josh,Dasilva,Brentford,94,3,MID,50,0,0,0,0,0,0,0,0,0,0,0,0,0,0,0.0,0.0,0.0,0.0,0,0.00,0.00,0.00,0.00,0.0,0.0,0.0,i,0,0,0,0
105,Anthony,Jaidon,Anthony,Brentford,94,3,MID,60,4,128,0,0,1,1,0,0,0,1,0,0,0,16,13.8,63.0,19.0,9.5,1,0.19,0.42,0.61,1.55,1.3,1.3,0.1,a,2,11,0,13
106,Thiago,Igor Thiago,Nascimento Rodrigues,Brentford,94,4,FWD,79,4,262,0,0,1,2,0,0,1,0,0,0,0,8,20.6,11.6,106.0,13.8,3,2.30,0.10,2.40,3.67,1.3,1.3,12.2,a,2,9,4,15
107,Furo,Kaye,Furo,Brentford,94,4,FWD,45,0,0,0,0,0,0,0,0,0,0,0,0,0,0,0.0,0.0,0.0,0.0,0,0.00,0.00,0.00,0.00,0.0,0.0,1.1,a,0,0,0,0
108,Wilson,Callum,Wilson,Brentford,94,4,FWD,55,3,13,0,0,0,0,0,0,0,0,0,0,0,9,3.2,10.4,12.0,2.6,0,0.07,0.04,0.11,0.15,1.0,1.0,0.4,a,0,1,1,2
565,M.Sangaré,Mamadou,Sangaré,Brentford,94,3,MID,57,18,210,0,2,1,1,0,0,0,1,0,0,3,57,56.0,48.4,40.0,14.1,3,0.41,0.37,0.78,2.28,6.0,6.0,14.3,a,7,15,10,32
620,Diouf,El Hadji Malick,Diouf,Brentford,94,2,DEF,45,0,0,0,0,0,0,0,0,0,0,0,0,0,0,0.0,0.0,0.0,0.0,0,0.00,0.00,0.00,0.00,0.0,0.0,0.1,a,0,0,0,0
109,Verbruggen,Bart,Verbruggen,Brighton,36,1,GKP,45,9,270,0,0,1,5,0,0,0,0,0,4,0,41,46.0,3.0,0.0,4.9,3,0.00,0.20,0.20,5.71,3.0,3.0,22.1,a,0,23,0,0
111,Steele,Jason,Steele,Brighton,36,1,GKP,40,0,0,0,0,0,0,0,0,0,0,0,0,0,0,0.0,0.0,0.0,0.0,0,0.00,0.00,0.00,0.00,0.0,0.0,4.3,a,0,0,0,0
113,F.Kadıoğlu,Ferdi,Kadıoğlu,Brighton,36,2,DEF,44,2,167,0,0,0,5,0,0,0,0,0,0,0,4,15.4,29.2,27.0,7.2,2,0.08,0.02,0.10,5.33,0.7,1.0,1.9,a,1,4,4,5
114,Boscagli,Olivier,Boscagli,Brighton,36,2,DEF,45,7,270,0,0,1,5,0,0,0,1,0,0,0,44,52.6,96.2,17.0,16.6,3,0.05,0.48,0.53,5.71,2.3,2.3,0.3,a,1,10,12,13
115,De Cuyper,Maxim,De Cuyper,Brighton,36,2,DEF,48,21,243,1,2,1,5,0,0,0,1,0,0,2,61,69.0,91.1,50.0,21.1,3,1.50,0.40,1.90,5.62,7.0,7.0,19.4,a,4,10,4,8
116,Dunk,Lewis,Dunk,Brighton,36,2,DEF,45,10,270,0,0,1,5,0,0,0,1,0,0,1,40,59.0,10.3,4.0,7.4,3,0.00,0.06,0.06,5.71,3.3,3.3,1.3,a,2,11,15,17
117,Coppola,Diego,Coppola,Brighton,36,2,DEF,45,0,0,0,0,0,0,0,0,0,0,0,0,0,0,0.0,0.0,0.0,0.0,0,0.00,0.00,0.00,0.00,0.0,0.0,0.0,a,0,0,0,0
118,Igor,Igor Julio,dos Santos de Paulo,Brighton,36,2,DEF,45,0,0,0,0,0,0,0,0,0,0,0,0,0,0,0.0,0.0,0.0,0.0,0,0.00,0.00,0.00,0.00,0.0,0.0,0.1,u,0,0,0,0
119,Costinha,João Pedro,Loureiro da Costa,Brighton,36,2,DEF,45,2,48,0,0,0,0,0,0,0,1,0,0,0,13,14.0,16.7,18.0,4.8,0,0.12,0.16,0.28,0.24,0.7,0.7,0.0,a,1,0,4,5
120,Svoboda,Michael,Svoboda,Brighton,36,2,DEF,50,0,0,0,0,0,0,0,0,0,0,0,0,0,0,0.0,0.0,0.0,0.0,0,0.00,0.00,0.00,0.00,0.0,0.0,0.1,a,0,0,0,0
121,Mitoma,Mitoma,Kaoru,Brighton,36,3,MID,59,0,0,0,0,0,0,0,0,0,0,0,0,0,0,0.0,0.0,0.0,0.0,0,0.00,0.00,0.00,0.00,0.0,0.0,0.0,i,0,0,0,0
122,Minteh,Yankuba,Minteh,Brighton,36,3,MID,59,0,0,0,0,0,0,0,0,0,0,0,0,0,0,0.0,0.0,0.0,0.0,0,0.00,0.00,0.00,0.00,0.0,0.0,0.0,i,0,0,0,0
123,Hinshelwood,Jack,Hinshelwood,Brighton,36,3,MID,60,16,63,2,0,1,0,0,0,0,0,0,0,3,54,72.8,13.4,59.0,14.5,1,1.41,0.02,1.43,0.19,5.3,16.0,1.1,d,2,1,0,3
124,Groß,Pascal,Groß,Brighton,36,3,MID,55,16,270,1,1,1,5,0,0,0,2,0,0,3,63,68.8,106.6,50.0,22.2,3,0.84,0.42,1.26,5.71,5.3,5.3,16.2,a,4,7,4,15
125,Georginio,Georginio,Rutter,Brighton,36,4,FWD,55,5,90,0,1,1,0,0,0,0,0,0,0,0,22,19.8,11.4,15.0,4.6,1,0.08,0.44,0.52,0.29,1.7,5.0,0.7,d,2,4,1,7
126,O'Riley,Matt,O'Riley,Brighton,36,3,MID,55,0,0,0,0,0,0,0,0,0,0,0,0,0,0,0.0,0.0,0.0,0.0,0,0.00,0.00,0.00,0.00,0.0,0.0,0.1,a,0,0,0,0
127,Gomez,Diego,Gómez Amarilla,Brighton,36,3,MID,50,13,265,0,2,1,5,0,0,0,0,0,0,0,55,52.8,71.8,113.0,23.8,3,0.65,0.70,1.35,5.71,4.3,4.3,4.9,a,8,7,5,20
128,Buonanotte,Facundo,Buonanotte,Brighton,36,3,MID,50,0,0,0,0,0,0,0,0,0,0,0,0,0,0,0.0,0.0,0.0,0.0,0,0.00,0.00,0.00,0.00,0.0,0.0,0.0,u,0,0,0,0
129,Ayari,Yasin,Ayari,Brighton,36,3,MID,54,4,153,0,0,1,1,0,0,0,1,0,0,0,26,11.4,29.8,24.0,6.1,2,0.28,0.07,0.35,2.68,1.3,2.0,0.4,a,0,5,2,7
130,Wieffer,Mats,Wieffer,Brighton,36,2,DEF,50,7,156,0,0,1,4,0,0,0,0,0,0,1,38,37.0,35.5,10.0,8.3,2,0.12,0.13,0.25,3.18,2.3,3.5,0.3,i,4,9,11,15
132,Howell,Harry,Howell,Brighton,36,3,MID,45,0,0,0,0,0,0,0,0,0,0,0,0,0,0,0.0,0.0,0.0,0.0,0,0.00,0.00,0.00,0.00,0.0,0.0,0.0,u,0,0,0,0
133,Watson,Tom,Watson,Brighton,36,3,MID,50,0,0,0,0,0,0,0,0,0,0,0,0,0,0,0.0,0.0,0.0,0.0,0,0.00,0.00,0.00,0.00,0.0,0.0,0.0,u,0,0,0,0
134,Oriola,Nehemiah,Oriola,Brighton,36,3,MID,45,0,0,0,0,0,0,0,0,0,0,0,0,0,0,0.0,0.0,0.0,0.0,0,0.00,0.00,0.00,0.00,0.0,0.0,0.3,a,0,0,0,0
135,Yohanna,Zadok,Yohanna,Brighton,36,3,MID,49,1,12,0,0,0,0,0,0,0,0,0,0,0,3,0.2,1.3,0.0,0.2,0,0.00,0.03,0.03,0.00,0.3,1.0,0.1,a,0,0,0,0
137,Tzimas,Stefanos,Tzimas,Brighton,36,4,FWD,55,0,0,0,0,0,0,0,0,0,0,0,0,0,0,0.0,0.0,0.0,0.0,0,0.00,0.00,0.00,0.00,0.0,0.0,0.0,i,0,0,0,0
138,Kostoulas,Charalampos,Kostoulas,Brighton,36,4,FWD,55,8,195,0,1,0,5,0,0,0,0,0,0,0,25,14.6,20.8,51.0,8.5,2,0.78,0.04,0.82,5.48,2.7,2.7,0.5,a,2,11,3,16
139,Ferguson,Evan,Ferguson,Brighton,36,4,FWD,50,0,0,0,0,0,0,0,0,0,0,0,0,0,0,0.0,0.0,0.0,0.0,0,0.00,0.00,0.00,0.00,0.0,0.0,0.0,i,0,0,0,0
328,Struijk,Pascal,Struijk,Brighton,36,2,DEF,50,1,1,0,0,0,0,0,0,0,0,0,0,0,3,0.2,0.1,0.0,0.0,0,0.00,0.00,0.00,0.00,0.3,1.0,0.2,a,0,0,0,0
504,Vuskovic,Luka,Vušković,Brighton,36,2,DEF,50,18,270,1,0,1,5,0,0,0,0,0,0,2,44,91.4,14.6,57.0,16.3,3,0.35,0.06,0.41,5.71,6.0,6.0,2.8,a,3,9,19,22
594,David,Promise,David,Brighton,36,4,FWD,60,1,23,0,0,0,0,0,0,0,1,0,0,0,-4,0.0,3.7,4.0,0.4,0,0.42,0.00,0.42,0.14,0.3,0.5,0.2,a,0,0,0,0
600,Osman,Ibrahim,Osman,Brighton,36,3,MID,50,2,28,0,0,0,1,0,0,0,0,0,0,0,13,7.2,16.7,6.0,3.0,0,0.00,0.06,0.06,0.10,0.7,1.0,0.0,a,1,2,0,3
605,Yalcouyé,Malick,Yalcouyé,Brighton,36,3,MID,45,11,167,1,0,0,4,0,0,0,0,0,0,1,58,59.6,47.2,62.0,16.9,2,0.75,0.26,1.01,5.32,3.7,3.7,2.7,a,3,5,4,12
614,Hadjam,Jaouen,Hadjam,Brighton,36,2,DEF,45,0,0,0,0,0,0,0,0,0,0,0,0,0,0,0.0,0.0,0.0,0.0,0,0.00,0.00,0.00,0.00,0.0,0.0,0.0,a,0,0,0,0
624,Cozier-Duberry,Amario,Cozier-Duberry,Brighton,36,3,MID,50,0,0,0,0,0,0,0,0,0,0,0,0,0,0,0.0,0.0,0.0,0.0,0,0.00,0.00,0.00,0.00,0.0,0.0,0.0,u,0,0,0,0
639,Andrés,José María,Andrés Baixauli,Brighton,36,3,MID,55,0,0,0,0,0,0,0,0,0,0,0,0,0,0,0.0,0.0,0.0,0.0,0,0.00,0.00,0.00,0.00,0.0,0.0,0.0,a,0,0,0,0
652,Azeez,Femi,Azeez,Brighton,36,3,MID,55,0,0,0,0,0,0,0,0,0,0,0,0,0,0,0.0,0.0,0.0,0.0,0,0.00,0.00,0.00,0.00,0.0,0.0,0.0,i,0,0,0,0
28,Martinez,Emiliano,Martínez Romero,Chelsea,8,1,GKP,50,5,180,0,0,0,5,0,0,0,0,0,12,0,44,99.4,20.0,0.0,11.9,2,0.00,0.01,0.01,3.46,1.7,2.5,4.9,a,0,21,1,0
40,Rogers,Morgan,Rogers,Chelsea,8,3,MID,76,19,257,2,1,0,7,0,0,0,1,0,0,1,87,105.8,113.6,68.0,28.7,3,1.18,1.14,2.32,4.70,6.3,6.3,27.9,a,3,13,1,17
101,Henderson,Jordan,Henderson,Chelsea,8,3,MID,50,0,0,0,0,0,0,0,0,0,0,0,0,0,0,0.0,0.0,0.0,0.0,0,0.00,0.00,0.00,0.00,0.0,0.0,0.0,d,0,0,0,0
136,Welbeck,Danny,Welbeck,Chelsea,8,4,FWD,59,1,3,0,0,0,0,0,0,0,0,0,0,0,3,0.0,0.3,2.0,0.2,0,0.00,0.00,0.00,0.00,0.3,1.0,0.8,a,0,0,0,0
140,Sánchez,Robert,Lynch Sánchez,Chelsea,8,1,GKP,49,2,90,0,0,0,2,0,0,0,0,0,4,0,6,21.4,0.0,0.0,2.1,1,0.00,0.01,0.01,1.33,0.7,2.0,1.1,u,0,5,1,0
141,Jörgensen,Filip,Jörgensen,Chelsea,8,1,GKP,50,0,0,0,0,0,0,0,0,0,0,0,0,0,0,0.0,0.0,0.0,0.0,0,0.00,0.00,0.00,0.00,0.0,0.0,0.0,u,0,0,0,0
142,James,Reece,James,Chelsea,8,2,DEF,54,2,202,0,0,0,5,0,0,0,1,0,0,0,13,36.4,32.2,34.0,10.3,2,0.17,0.12,0.29,3.52,0.7,0.7,7.9,a,0,11,9,9
143,Chalobah,Trevoh,Chalobah,Chelsea,8,2,DEF,55,0,0,0,0,0,0,0,0,0,0,0,0,0,0,0.0,0.0,0.0,0.0,0,0.00,0.00,0.00,0.00,0.0,0.0,0.1,u,0,0,0,0
144,Gusto,Malo,Gusto,Chelsea,8,2,DEF,50,3,195,0,0,0,5,0,0,0,0,0,0,0,5,18.0,13.9,7.0,3.9,2,0.04,0.05,0.09,2.66,1.0,1.0,1.1,a,4,9,6,10
145,Fofana,Wesley,Fofana,Chelsea,8,2,DEF,50,3,157,0,0,0,4,0,0,0,1,0,0,0,14,59.2,23.7,0.0,8.3,2,0.00,0.05,0.05,3.31,1.0,1.5,0.1,a,3,3,23,26
146,B.Badiashile,Benoît,Badiashile Mukinayi,Chelsea,8,2,DEF,45,0,0,0,0,0,0,0,0,0,0,0,0,0,0,0.0,0.0,0.0,0.0,0,0.00,0.00,0.00,0.00,0.0,0.0,0.0,u,0,0,0,0
148,Hato,Jorrel,Hato,Chelsea,8,2,DEF,45,8,213,0,2,0,7,0,0,0,0,0,0,0,22,73.2,44.2,13.0,13.1,3,0.01,0.11,0.12,4.37,2.7,2.7,0.8,a,6,7,9,15
149,Colwill,Levi,Samuels Colwill,Chelsea,8,2,DEF,49,1,161,0,0,0,4,0,0,0,1,0,0,0,8,19.2,2.0,7.0,2.9,2,0.01,0.03,0.04,2.64,0.3,0.5,1.2,a,3,5,10,13
150,M.Sarr,Mamadou,Sarr,Chelsea,8,2,DEF,45,0,0,0,0,0,0,0,0,0,0,0,0,0,0,0.0,0.0,0.0,0.0,0,0.00,0.00,0.00,0.00,0.0,0.0,0.0,u,0,0,0,0
151,Acheampong,Josh,Acheampong,Chelsea,8,2,DEF,45,5,202,0,0,0,5,0,0,0,0,0,0,0,9,41.6,4.1,6.0,5.1,2,0.00,0.02,0.02,3.52,1.7,1.7,0.4,a,6,7,13,19
152,Palestra,Marco,Palestra,Chelsea,8,2,DEF,54,0,0,0,0,0,0,0,0,0,0,0,0,0,0,0.0,0.0,0.0,0.0,0,0.00,0.00,0.00,0.00,0.0,0.0,1.1,d,0,0,0,0
154,Palmer,Cole,Palmer,Chelsea,8,3,MID,96,21,262,2,1,0,7,0,0,0,1,0,0,3,99,113.0,82.4,112.0,30.8,3,1.05,0.36,1.41,4.70,7.0,7.0,21.7,a,4,14,2,20
156,Neto,Pedro,Lomba Neto,Chelsea,8,3,MID,65,10,161,1,0,0,4,0,0,0,0,0,0,0,51,56.6,53.5,56.0,16.6,2,0.47,0.43,0.90,3.53,3.3,3.3,1.3,a,2,8,5,15
157,Estêvão,Estêvão,Almeida de Oliveira Gonçalves,Chelsea,8,3,MID,64,2,16,0,0,0,0,0,0,0,0,0,0,0,8,3.4,0.8,17.0,2.2,0,0.04,0.00,0.04,0.09,0.7,1.0,0.8,a,0,1,0,1
158,Gittens,Jamie,Bynoe-Gittens,Chelsea,8,3,MID,59,0,0,0,0,0,0,0,0,0,0,0,0,0,0,0.0,0.0,0.0,0.0,0,0.00,0.00,0.00,0.00,0.0,0.0,0.0,a,0,0,0,0
159,Caicedo,Moisés,Caicedo Corozo,Chelsea,8,3,MID,54,1,13,0,0,0,0,0,0,0,0,0,0,0,3,0.0,0.1,0.0,0.0,0,0.00,0.00,0.00,0.07,0.3,1.0,1.7,d,0,0,0,0
161,Lavia,Roméo,Lavia,Chelsea,8,3,MID,50,9,190,1,0,0,6,0,0,0,1,0,0,0,47,58.4,24.2,66.0,14.9,3,0.75,0.04,0.79,4.22,3.0,3.0,0.2,a,5,10,7,22
163,D.Essugo,Dário,Luís Essugo,Chelsea,8,3,MID,45,0,0,0,0,0,0,0,0,0,0,0,0,0,0,0.0,0.0,0.0,0.0,0,0.00,0.00,0.00,0.00,0.0,0.0,0.1,u,0,0,0,0
164,Quenda,Geovany,Quenda,Chelsea,8,3,MID,54,1,8,0,0,0,0,0,0,0,0,0,0,0,2,1.2,0.3,2.0,0.4,0,0.00,0.00,0.00,0.09,0.3,1.0,0.0,a,0,0,1,1
165,João Pedro,João Pedro,Junqueira de Jesus,Chelsea,8,4,FWD,77,21,270,2,2,0,7,1,0,0,1,0,0,4,97,104.0,74.3,92.0,26.9,3,1.88,0.15,2.03,4.79,7.0,7.0,72.2,a,1,5,1,7
168,Marc Guiu,Marc,Guiu Paz,Chelsea,8,4,FWD,50,0,0,0,0,0,0,0,0,0,0,0,0,0,0,0.0,0.0,0.0,0.0,0,0.00,0.00,0.00,0.00,0.0,0.0,0.3,u,0,0,0,0
169,Mheuka,Shumaira,Mheuka,Chelsea,8,4,FWD,45,0,0,0,0,0,0,0,0,0,0,0,0,0,0,0.0,0.0,0.0,0.0,0,0.00,0.00,0.00,0.00,0.0,0.0,0.4,a,0,0,0,0
170,Emegha,Emmanuel,Emegha,Chelsea,8,4,FWD,50,0,0,0,0,0,0,0,0,0,0,0,0,0,0,0.0,0.0,0.0,0.0,0,0.00,0.00,0.00,0.00,0.0,0.0,0.2,a,0,0,0,0
200,Lacroix,Maxence,Lacroix,Chelsea,8,2,DEF,60,9,270,0,1,0,7,0,0,0,1,0,0,0,25,83.2,12.6,10.0,10.5,3,0.02,0.21,0.23,4.79,3.0,3.0,8.2,a,8,5,24,32
560,Penders,Mike,Penders,Chelsea,8,1,GKP,45,0,0,0,0,0,0,0,0,0,0,0,0,0,0,0.0,0.0,0.0,0.0,0,0.00,0.00,0.00,0.00,0.0,0.0,0.1,a,0,0,0,0
561,Anselmino,Aaron,Anselmino,Chelsea,8,2,DEF,45,0,0,0,0,0,0,0,0,0,0,0,0,0,0,0.0,0.0,0.0,0.0,0,0.00,0.00,0.00,0.00,0.0,0.0,0.0,a,0,0,0,0
568,Barco,Valentín,Barco,Chelsea,8,3,MID,55,1,8,0,0,0,1,0,0,0,0,0,0,0,1,0.0,0.0,4.0,0.2,0,0.04,0.00,0.04,0.07,0.3,1.0,0.1,a,0,0,1,1
583,Chavarria,Pep,Chavarría,Chelsea,8,2,DEF,49,3,73,0,0,0,1,0,0,0,0,0,0,0,6,11.2,2.5,6.0,2.0,0,0.00,0.02,0.02,0.51,1.0,1.0,0.2,a,2,3,4,6
91,Pinnock,Ethan,Pinnock,Coventry City,9,2,DEF,45,4,102,0,0,0,2,0,0,0,1,0,0,0,2,22.0,0.7,6.0,2.9,1,0.11,0.00,0.11,2.66,1.3,2.0,0.1,a,1,2,14,15
104,Onyeka,Frank,Onyeka,Coventry City,9,3,MID,49,4,152,0,0,0,4,0,0,0,0,0,0,0,13,4.0,2.0,0.0,0.6,2,0.00,0.01,0.01,3.05,1.3,2.0,0.1,a,2,7,3,12
110,Rushworth,Carl,Rushworth,Coventry City,9,1,GKP,45,5,270,0,0,0,5,0,0,0,0,0,5,0,23,43.6,0.0,0.0,4.4,3,0.00,0.01,0.01,4.72,1.7,1.7,1.0,a,0,29,3,0
171,Dovin,Oliver,Dovin,Coventry City,9,1,GKP,40,0,0,0,0,0,0,0,0,0,0,0,0,0,0,0.0,0.0,0.0,0.0,0,0.00,0.00,0.00,0.00,0.0,0.0,1.3,u,0,0,0,0
172,Wilson,Ben,Wilson,Coventry City,9,1,GKP,45,0,0,0,0,0,0,0,0,0,0,0,0,0,0,0.0,0.0,0.0,0.0,0,0.00,0.00,0.00,0.00,0.0,0.0,0.4,a,0,0,0,0
173,Thomas,Bobby,Thomas,Coventry City,9,2,DEF,40,15,257,0,0,1,4,0,0,0,0,0,0,2,58,60.8,32.7,25.0,11.8,3,0.24,0.19,0.43,4.18,5.0,5.0,8.7,a,2,11,29,31
174,Kitching,Liam,Kitching,Coventry City,9,2,DEF,40,0,0,0,0,0,0,0,0,0,0,0,0,0,0,0.0,0.0,0.0,0.0,0,0.00,0.00,0.00,0.00,0.0,0.0,0.5,u,0,0,0,0
175,van Ewijk,Milan,van Ewijk,Coventry City,9,2,DEF,40,6,270,0,0,0,5,0,0,0,1,0,0,0,12,42.8,41.1,10.0,9.4,3,0.00,0.26,0.26,4.72,2.0,2.0,11.2,a,5,10,15,20
176,Dasilva,Jay,Dasilva,Coventry City,9,2,DEF,40,5,264,0,0,0,5,0,0,0,0,0,0,0,21,50.8,26.0,17.0,9.5,3,0.18,0.15,0.33,4.72,1.7,1.7,0.7,a,4,7,12,16
177,Kesler-Hayden,Kaine,Kesler-Hayden,Coventry City,9,2,DEF,40,0,0,0,0,0,0,0,0,0,0,0,0,0,0,0.0,0.0,0.0,0.0,0,0.00,0.00,0.00,0.00,0.0,0.0,0.0,i,0,0,0,0
178,Bidwell,Jake,Bidwell,Coventry City,9,2,DEF,40,0,0,0,0,0,0,0,0,0,0,0,0,0,0,0.0,0.0,0.0,0.0,0,0.00,0.00,0.00,0.00,0.0,0.0,0.1,a,0,0,0,0
179,Latibeaudiere,Joel,Latibeaudiere,Coventry City,9,2,DEF,40,0,0,0,0,0,0,0,0,0,0,0,0,0,0,0.0,0.0,0.0,0.0,0,0.00,0.00,0.00,0.00,0.0,0.0,0.0,a,0,0,0,0
180,Woolfenden,Luke,Woolfenden,Coventry City,9,2,DEF,40,0,0,0,0,0,0,0,0,0,0,0,0,0,0,0.0,0.0,0.0,0.0,0,0.00,0.00,0.00,0.00,0.0,0.0,0.1,i,0,0,0,0
181,Brau,Miguel,Brau,Coventry City,9,2,DEF,40,0,0,0,0,0,0,0,0,0,0,0,0,0,0,0.0,0.0,0.0,0.0,0,0.00,0.00,0.00,0.00,0.0,0.0,0.0,u,0,0,0,0
182,Amenda,Aurèle,Amenda,Coventry City,9,2,DEF,40,4,270,0,0,0,5,0,0,0,1,0,0,0,9,44.6,4.2,11.0,6.1,3,0.02,0.39,0.41,4.72,1.3,1.3,0.8,a,1,11,15,16
183,Rudoni,Jack,Rudoni,Coventry City,9,3,MID,50,6,152,0,0,1,1,0,0,0,0,0,0,0,24,26.8,60.0,54.0,14.1,2,0.50,0.18,0.68,1.48,2.0,2.0,0.1,a,3,10,3,16
184,Grimes,Matt,Grimes,Coventry City,9,3,MID,50,6,270,0,0,0,5,0,0,0,0,0,0,0,36,46.2,26.9,3.0,7.6,3,0.05,0.05,0.10,4.72,2.0,2.0,0.2,a,5,12,8,25
185,Sakamoto,Tatsuhiro,Sakamoto,Coventry City,9,3,MID,49,1,31,0,0,0,1,0,0,0,0,0,0,0,8,6.2,5.9,7.0,1.9,0,0.02,0.02,0.04,0.69,0.3,1.0,0.1,a,2,2,0,4
186,Mason-Clark,Ephron,Mason-Clark,Coventry City,9,3,MID,54,3,127,0,0,0,1,0,0,0,0,0,0,0,8,4.2,16.8,2.0,2.1,2,0.00,0.06,0.06,1.19,1.0,1.5,0.1,a,0,5,4,9
187,Eccles,Josh,Eccles,Coventry City,9,3,MID,49,0,0,0,0,0,0,0,0,0,0,0,0,0,0,0.0,0.0,0.0,0.0,0,0.00,0.00,0.00,0.00,0.0,0.0,0.0,a,0,0,0,0
188,Torp,Victor,Torp,Coventry City,9,3,MID,54,2,47,0,0,0,1,0,0,0,0,0,0,0,10,6.8,20.0,0.0,2.6,0,0.00,0.12,0.12,1.01,0.7,1.0,0.1,a,0,2,1,3
189,Shepherd,George,Shepherd,Coventry City,9,3,MID,45,0,0,0,0,0,0,0,0,0,0,0,0,0,0,0.0,0.0,0.0,0.0,0,0.00,0.00,0.00,0.00,0.0,0.0,0.3,a,0,0,0,0
190,Tchaouna,Loum,Tchaouna,Coventry City,9,3,MID,55,4,166,0,0,0,3,0,0,0,0,0,0,0,27,17.0,49.3,29.0,9.6,2,0.19,0.18,0.37,2.73,1.3,1.3,0.1,a,1,9,5,15
191,Borges Rodrigues,Raphael,Borges Rodrigues,Coventry City,9,3,MID,45,0,0,0,0,0,0,0,0,0,0,0,0,0,0,0.0,0.0,0.0,0.0,0,0.00,0.00,0.00,0.00,0.0,0.0,0.1,u,0,0,0,0
192,Andrews,Kai,Andrews,Coventry City,9,3,MID,45,0,0,0,0,0,0,0,0,0,0,0,0,0,0,0.0,0.0,0.0,0.0,0,0.00,0.00,0.00,0.00,0.0,0.0,0.4,u,0,0,0,0
193,Wright,Haji,Wright,Coventry City,9,4,FWD,54,0,0,0,0,0,0,0,0,0,0,0,0,0,0,0.0,0.0,0.0,0.0,0,0.00,0.00,0.00,0.00,0.0,0.0,0.1,i,0,0,0,0
194,Thomas-Asante,Brandon,Thomas-Asante,Coventry City,9,4,FWD,50,4,120,0,0,0,4,0,0,0,0,0,0,0,20,8.0,3.4,4.0,1.6,1,0.00,0.02,0.02,3.24,1.3,1.3,0.8,a,0,5,6,11
195,Simms,Ellis,Simms,Coventry City,9,4,FWD,50,3,88,0,0,0,3,0,0,0,0,0,0,0,10,7.6,22.3,37.0,6.7,1,0.30,0.01,0.31,2.55,1.0,1.5,0.8,a,0,2,1,3
196,Markelo,Jahnoah,Markelo,Coventry City,9,4,FWD,50,0,0,0,0,0,0,0,0,0,0,0,0,0,0,0.0,0.0,0.0,0.0,0,0.00,0.00,0.00,0.00,0.0,0.0,0.0,u,0,0,0,0
197,Bassette,Norman,Bassette,Coventry City,9,4,FWD,45,0,0,0,0,0,0,0,0,0,0,0,0,0,0,0.0,0.0,0.0,0.0,0,0.00,0.00,0.00,0.00,0.0,0.0,0.0,u,0,0,0,0
492,Awoniyi,Taiwo,Awoniyi,Coventry City,9,4,FWD,55,5,180,0,0,0,2,0,0,0,0,0,0,0,16,13.6,35.3,68.0,11.7,2,1.24,0.03,1.27,2.18,1.7,1.7,0.7,a,0,6,3,9
575,Yirenkyi,Caleb,Yirenkyi,Coventry City,9,3,MID,49,5,158,0,0,1,3,0,0,0,1,0,0,0,23,10.4,19.4,7.0,3.3,2,0.03,0.13,0.16,2.53,1.7,1.7,0.2,a,0,11,5,16
584,Hamer,Gustavo,Hamer,Coventry City,9,3,MID,54,3,32,0,0,0,1,0,0,0,0,0,0,0,6,0.6,1.8,0.0,0.3,0,0.00,0.02,0.02,0.82,1.0,1.0,0.1,a,1,2,0,3
599,Cherif,Sidiki,Cherif,Coventry City,9,4,FWD,50,0,0,0,0,0,0,0,0,0,0,0,0,0,0,0.0,0.0,0.0,0.0,0,0.00,0.00,0.00,0.00,0.0,0.0,0.1,a,0,0,0,0
623,Bentley,Dan,Bentley,Coventry City,9,1,GKP,40,0,0,0,0,0,0,0,0,0,0,0,0,0,0,0.0,0.0,0.0,0.0,0,0.00,0.00,0.00,0.00,0.0,0.0,0.3,a,0,0,0,0
42,Guessand,Evann,Guessand,Crystal Palace,31,3,MID,55,2,54,0,0,0,1,0,0,0,0,0,0,0,6,5.4,2.1,7.0,1.5,0,0.03,0.03,0.06,0.34,0.7,1.0,0.0,a,1,0,1,2
153,Disasi,Axel,Disasi,Crystal Palace,31,2,DEF,45,4,106,0,0,0,3,0,0,0,0,0,0,0,12,32.6,13.3,2.0,4.8,1,0.00,0.04,0.04,3.34,1.3,2.0,0.1,a,5,9,9,14
198,Henderson,Dean,Henderson,Crystal Palace,31,1,GKP,50,5,270,0,0,0,8,0,0,0,0,0,12,0,37,96.8,0.0,0.0,9.6,3,0.00,0.00,0.00,6.47,1.7,1.7,1.9,a,0,31,6,0
199,Benitez,Walter,Benítez,Crystal Palace,31,1,GKP,45,0,0,0,0,0,0,0,0,0,0,0,0,0,0,0.0,0.0,0.0,0.0,0,0.00,0.00,0.00,0.00,0.0,0.0,0.1,a,0,0,0,0
202,Richards,Chris,Richards,Crystal Palace,31,2,DEF,50,4,270,0,0,0,8,0,0,0,0,0,0,0,17,86.4,1.3,24.0,11.1,3,0.08,0.00,0.08,6.47,1.3,1.3,0.7,a,5,7,26,31
203,Canvot,Jaydee,Canvot,Crystal Palace,31,2,DEF,49,2,270,0,0,0,8,0,0,0,0,0,0,0,12,63.2,8.1,5.0,7.6,3,0.05,0.01,0.06,6.47,0.7,0.7,0.2,a,7,6,17,24
204,Mitchell,Tyrick,Mitchell,Crystal Palace,31,2,DEF,45,16,253,2,0,0,8,0,0,0,0,0,0,2,32,101.2,46.1,56.0,20.3,3,0.77,0.18,0.95,5.90,5.3,5.3,5.5,a,6,7,10,16
205,Sosa,Borna,Sosa,Crystal Palace,31,2,DEF,45,0,0,0,0,0,0,0,0,0,0,0,0,0,0,0.0,0.0,0.0,0.0,0,0.00,0.00,0.00,0.00,0.0,0.0,0.0,u,0,0,0,0
206,Chadi Riad,Chadi,Riad Dnanou,Crystal Palace,31,2,DEF,44,1,72,0,0,0,2,0,0,0,0,0,0,0,7,12.6,1.3,0.0,1.4,1,0.00,0.01,0.01,0.98,0.3,1.0,0.0,i,1,3,6,7
207,Mingueza,Oscar,Mingueza,Crystal Palace,31,2,DEF,44,2,16,0,0,0,1,0,0,0,0,0,0,0,5,3.2,0.4,0.0,0.3,0,0.00,0.00,0.00,0.33,0.7,1.0,0.1,a,2,1,0,2
208,Sarr,Ismaïla,Sarr,Crystal Palace,31,3,MID,63,0,0,0,0,0,0,0,0,0,0,0,0,0,0,0.0,0.0,0.0,0.0,0,0.00,0.00,0.00,0.00,0.0,0.0,0.9,i,0,0,0,0
210,Wharton,Adam,Wharton,Crystal Palace,31,3,MID,55,8,270,0,0,0,8,0,0,0,0,0,0,0,51,47.8,58.4,2.0,10.9,3,0.00,0.32,0.32,6.47,2.7,2.7,0.9,a,7,11,11,29
211,Yeremy,Yéremy,Pino Santos,Crystal Palace,31,3,MID,55,11,190,0,2,0,5,0,0,0,0,0,0,0,56,20.8,83.1,21.0,12.5,2,0.36,0.39,0.75,5.29,3.7,3.7,0.3,a,5,12,3,20
212,Hughes,Will,Hughes,Crystal Palace,31,3,MID,45,1,16,0,0,0,0,0,0,0,0,0,0,0,3,2.4,0.3,0.0,0.3,0,0.00,0.00,0.00,0.57,0.3,1.0,9.0,a,0,1,2,3
213,Lerma,Jefferson,Lerma Solís,Crystal Palace,31,3,MID,49,0,0,0,0,0,0,0,0,0,0,0,0,0,0,0.0,0.0,0.0,0.0,0,0.00,0.00,0.00,0.00,0.0,0.0,0.1,a,0,0,0,0
214,Kamada,Daichi,Kamada,Crystal Palace,31,3,MID,50,10,268,0,1,0,8,0,0,0,1,0,0,0,67,57.6,55.3,13.0,12.6,3,0.05,0.30,0.35,6.34,3.3,3.3,0.3,a,9,14,4,27
215,Devenny,Justin,Devenny,Crystal Palace,31,3,MID,50,0,0,0,0,0,0,0,0,0,0,0,0,0,0,0.0,0.0,0.0,0.0,0,0.00,0.00,0.00,0.00,0.0,0.0,0.0,u,0,0,0,0
216,Esse,Romain,Esse,Crystal Palace,31,3,MID,50,0,0,0,0,0,0,0,0,0,0,0,0,0,0,0.0,0.0,0.0,0.0,0,0.00,0.00,0.00,0.00,0.0,0.0,0.0,u,0,0,0,0
217,M.França,Matheus,França de Oliveira,Crystal Palace,31,3,MID,49,0,0,0,0,0,0,0,0,0,0,0,0,0,0,0.0,0.0,0.0,0.0,0,0.00,0.00,0.00,0.00,0.0,0.0,0.0,a,0,0,0,0
218,Doucouré,Cheick,Doucouré,Crystal Palace,31,3,MID,49,0,0,0,0,0,0,0,0,0,0,0,0,0,0,0.0,0.0,0.0,0.0,0,0.00,0.00,0.00,0.00,0.0,0.0,0.1,a,0,0,0,0
219,J.Rak-Sakyi,Jesurun,Rak-Sakyi,Crystal Palace,31,3,MID,50,0,0,0,0,0,0,0,0,0,0,0,0,0,0,0.0,0.0,0.0,0.0,0,0.00,0.00,0.00,0.00,0.0,0.0,0.0,a,0,0,0,0
220,Cardines,Rio,Cardines,Crystal Palace,31,2,DEF,45,0,0,0,0,0,0,0,0,0,0,0,0,0,0,0.0,0.0,0.0,0.0,0,0.00,0.00,0.00,0.00,0.0,0.0,0.0,u,0,0,0,0
221,Drakes-Thomas,Joél,Drakes-Thomas,Crystal Palace,31,3,MID,45,0,0,0,0,0,0,0,0,0,0,0,0,0,0,0.0,0.0,0.0,0.0,0,0.00,0.00,0.00,0.00,0.0,0.0,0.1,a,0,0,0,0
222,Strand Larsen,Jørgen,Strand Larsen,Crystal Palace,31,4,FWD,60,4,134,0,0,0,3,0,0,0,0,0,0,0,20,8.6,4.6,21.0,3.5,1,0.30,0.01,0.31,3.69,1.3,1.3,0.5,a,1,4,3,8
223,Mateta,Jean-Philippe,Mateta,Crystal Palace,31,4,FWD,64,2,62,0,0,0,2,0,0,0,0,0,0,0,-3,1.4,12.3,11.0,2.5,1,0.70,0.02,0.72,0.98,0.7,2.0,2.0,i,2,2,1,5
224,Nketiah,Eddie,Nketiah,Crystal Palace,31,4,FWD,55,7,167,0,1,0,7,0,0,0,0,0,0,0,36,34.2,45.8,50.0,13.0,3,1.10,0.58,1.68,4.45,2.3,2.3,0.6,a,4,5,2,11
225,Uche,Christantus,Uche,Crystal Palace,31,4,FWD,50,0,0,0,0,0,0,0,0,0,0,0,0,0,0,0.0,0.0,0.0,0.0,0,0.00,0.00,0.00,0.00,0.0,0.0,0.0,u,0,0,0,0
241,McNeil,Dwight,McNeil,Crystal Palace,31,3,MID,54,3,84,0,0,0,3,0,0,0,0,0,0,0,13,10.0,5.0,2.0,1.7,1,0.05,0.02,0.07,1.18,1.0,1.5,0.1,a,0,3,4,7
555,Matthews,Remi,Matthews,Crystal Palace,31,1,GKP,40,0,0,0,0,0,0,0,0,0,0,0,0,0,0,0.0,0.0,0.0,0.0,0,0.00,0.00,0.00,0.00,0.0,0.0,1.8,a,0,0,0,0
577,Tomiyasu,Takehiro,Tomiyasu,Crystal Palace,31,2,DEF,45,2,91,0,0,0,3,0,0,0,0,0,0,0,0,15.0,3.7,2.0,2.1,1,0.00,0.01,0.01,2.15,0.7,1.0,0.3,a,1,4,8,9
588,Khalaili,Anan,Khalaili,Crystal Palace,31,2,DEF,50,6,199,0,0,0,5,0,0,0,1,0,0,0,27,72.0,30.3,15.0,11.8,2,0.74,0.17,0.91,5.42,2.0,2.0,0.2,a,17,11,16,33
595,Gozo,Zavier,Gozo,Crystal Palace,31,3,MID,50,1,22,0,0,0,1,0,0,0,0,0,0,0,3,1.4,1.3,0.0,0.3,0,0.00,0.00,0.00,0.20,0.3,1.0,0.0,a,1,0,0,1
633,Ahanor,Honest,Ahanor,Crystal Palace,31,2,DEF,45,0,0,0,0,0,0,0,0,0,0,0,0,0,0,0.0,0.0,0.0,0.0,0,0.00,0.00,0.00,0.00,0.0,0.0,0.0,a,0,0,0,0
643,Chilwell,Ben,Chilwell,Crystal Palace,31,2,DEF,45,7,16,1,0,0,0,0,0,0,0,0,0,0,20,33.2,0.7,17.0,5.1,0,0.15,0.00,0.15,0.57,7.0,7.0,0.3,a,0,0,0,0
644,Timber,Quinten,Timber,Crystal Palace,31,3,MID,50,2,73,0,0,0,2,0,0,0,0,0,0,0,8,4.2,0.2,1.0,0.5,1,0.02,0.00,0.02,2.57,2.0,2.0,0.0,a,1,3,2,6
647,Osorio,Darío,Osorio,Crystal Palace,31,3,MID,55,1,1,0,0,0,0,0,0,0,0,0,0,0,2,2.0,0.3,0.0,0.2,0,0.00,0.00,0.00,0.13,1.0,1.0,0.0,a,1,0,0,1
21,Nørgaard,Christian,Nørgaard,Everton,11,3,MID,49,0,0,0,0,0,0,0,0,0,0,0,0,0,0,0.0,0.0,0.0,0.0,0,0.00,0.00,0.00,0.00,0.0,0.0,0.1,i,0,0,0,0
209,Johnson,Brennan,Johnson,Everton,11,3,MID,59,3,99,0,0,0,1,0,0,0,1,0,0,0,7,11.8,23.2,9.0,4.4,1,0.05,0.04,0.09,2.24,1.0,1.0,0.1,a,2,5,5,12
226,Pickford,Jordan,Pickford,Everton,11,1,GKP,55,11,270,0,0,1,3,0,0,0,0,0,9,0,62,72.6,0.0,0.0,7.3,3,0.00,0.02,0.02,4.81,3.7,3.7,8.6,a,0,35,4,0
227,Travers,Mark,Travers,Everton,11,1,GKP,50,0,0,0,0,0,0,0,0,0,0,0,0,0,0,0.0,0.0,0.0,0.0,0,0.00,0.00,0.00,0.00,0.0,0.0,0.0,a,0,0,0,0
228,King,Tom,King,Everton,11,1,GKP,45,0,0,0,0,0,0,0,0,0,0,0,0,0,0,0.0,0.0,0.0,0.0,0,0.00,0.00,0.00,0.00,0.0,0.0,0.0,a,0,0,0,0
229,Tarkowski,James,Tarkowski,Everton,11,2,DEF,60,21,270,1,0,1,3,0,0,0,0,0,0,2,63,94.4,13.1,29.0,13.6,3,0.17,0.02,0.19,4.81,7.0,7.0,11.2,a,5,10,26,31
230,Branthwaite,Jarrad,Branthwaite,Everton,11,2,DEF,55,13,270,0,0,1,3,0,0,0,0,0,0,0,43,82.8,2.9,73.0,15.8,3,0.17,0.02,0.19,4.81,4.3,4.3,1.8,a,4,9,27,31
231,Keane,Michael,Keane,Everton,11,2,DEF,49,0,0,0,0,0,0,0,0,0,0,0,0,0,0,0.0,0.0,0.0,0.0,0,0.00,0.00,0.00,0.00,0.0,0.0,1.0,a,0,0,0,0
232,O'Brien,Jake,O'Brien,Everton,11,2,DEF,49,0,0,0,0,0,0,0,0,0,0,0,0,0,0,0.0,0.0,0.0,0.0,0,0.00,0.00,0.00,0.00,0.0,0.0,0.3,a,0,0,0,0
233,Mykolenko,Vitalii,Mykolenko,Everton,11,2,DEF,45,11,270,0,0,1,3,0,0,0,0,0,0,0,42,62.4,17.3,2.0,8.2,3,0.00,0.07,0.07,4.81,3.7,3.7,1.9,a,4,15,18,22
234,Patterson,Nathan,Patterson,Everton,11,2,DEF,45,0,0,0,0,0,0,0,0,0,0,0,0,0,0,0.0,0.0,0.0,0.0,0,0.00,0.00,0.00,0.00,0.0,0.0,0.0,u,0,0,0,0
235,Aznou,Adam,Aznou,Everton,11,2,DEF,40,0,0,0,0,0,0,0,0,0,0,0,0,0,0,0.0,0.0,0.0,0.0,0,0.00,0.00,0.00,0.00,0.0,0.0,0.1,u,0,0,0,0
236,Dewsbury-Hall,Kiernan,Dewsbury-Hall,Everton,11,3,MID,65,15,270,1,0,1,3,0,0,0,0,0,0,3,84,86.2,110.6,69.0,26.6,3,0.45,0.40,0.85,4.77,5.0,5.0,4.4,a,9,17,3,29
238,Grealish,Jack,Grealish,Everton,11,3,MID,65,2,32,0,0,0,1,0,0,0,0,0,0,0,10,7.0,12.9,10.0,3.0,0,0.02,0.13,0.15,0.31,0.7,1.0,0.3,a,2,0,0,2
239,Garner,James,Garner,Everton,11,3,MID,60,4,148,0,0,0,2,0,0,0,1,0,0,0,34,17.8,44.0,2.0,6.5,2,0.00,0.11,0.11,1.32,1.3,1.3,0.1,d,5,12,2,19
242,George,Tyrique,George,Everton,11,3,MID,55,15,234,1,0,1,3,0,0,0,0,0,0,3,60,57.2,70.0,66.0,19.3,3,0.27,0.16,0.43,2.94,5.0,5.0,0.4,a,1,8,4,13
243,Alcaraz,Carlos,Alcaraz Durán,Everton,11,3,MID,50,1,5,0,0,0,0,0,0,0,1,0,0,0,5,5.0,0.8,25.0,2.7,0,0.05,0.02,0.07,0.04,0.3,0.5,0.1,a,1,2,0,3
244,Armstrong,Harrison,Armstrong,Everton,11,3,MID,50,11,266,0,1,1,3,0,0,0,1,0,0,0,42,45.2,33.7,13.0,9.3,3,0.09,0.10,0.19,4.81,3.7,3.7,0.4,a,6,15,9,30
245,Dibling,Tyler,Dibling,Everton,11,3,MID,54,0,0,0,0,0,0,0,0,0,0,0,0,0,0,0.0,0.0,0.0,0.0,0,0.00,0.00,0.00,0.00,0.0,0.0,0.0,a,0,0,0,0
246,Röhl,Merlin,Röhl,Everton,11,3,MID,50,6,249,0,0,1,2,0,0,0,1,0,0,0,35,26.6,32.1,2.0,6.1,3,0.00,0.20,0.20,4.52,2.0,2.0,0.1,a,5,13,6,24
247,Hackney,Hayden,Hackney,Everton,11,3,MID,55,8,121,0,1,1,1,0,0,0,0,0,0,0,33,37.0,39.1,17.0,9.3,1,0.05,0.11,0.16,3.49,2.7,2.7,0.2,a,3,5,3,11
248,Beto,Norberto Bercique,Gomes Betuncal,Everton,11,4,FWD,54,2,31,0,0,0,0,0,0,0,0,0,0,0,5,3.0,0.3,5.0,0.8,0,0.09,0.00,0.09,1.92,0.7,1.0,1.2,u,0,0,1,1
249,Barry,Thierno,Barry,Everton,11,4,FWD,56,12,237,1,0,1,3,0,0,0,0,0,0,2,50,48.2,45.7,123.0,21.7,3,2.31,0.11,2.42,2.89,4.0,4.0,5.4,a,1,7,2,10
649,Maitland-Niles,Ainsley,Maitland-Niles,Everton,11,2,DEF,45,7,13,1,0,0,1,0,0,0,0,0,0,0,13,33.4,0.8,7.0,4.1,0,0.03,0.00,0.03,0.29,7.0,7.0,0.1,a,0,0,0,0
654,Graham,Braiden,Graham,Everton,11,3,MID,45,0,0,0,0,0,0,0,0,0,0,0,0,0,0,0.0,0.0,0.0,0.0,0,0.00,0.00,0.00,0.00,0.0,0.0,0.1,a,0,0,0,0
250,Leno,Bernd,Leno,Fulham,54,1,GKP,45,6,270,0,0,0,7,0,0,0,0,0,8,0,30,67.6,0.0,0.0,6.8,3,0.00,0.00,0.00,6.23,2.0,2.0,3.0,a,0,25,3,0
251,Lecomte,Benjamin,Lecomte,Fulham,54,1,GKP,40,0,0,0,0,0,0,0,0,0,0,0,0,0,0,0.0,0.0,0.0,0.0,0,0.00,0.00,0.00,0.00,0.0,0.0,1.2,a,0,0,0,0
252,McNally,Alfie,McNally,Fulham,54,1,GKP,40,0,0,0,0,0,0,0,0,0,0,0,0,0,0,0.0,0.0,0.0,0.0,0,0.00,0.00,0.00,0.00,0.0,0.0,0.1,u,0,0,0,0
253,Andersen,Joachim,Andersen,Fulham,54,2,DEF,50,2,180,0,0,0,4,0,0,0,1,0,0,0,12,42.2,35.8,8.0,8.6,2,0.00,0.10,0.10,3.99,0.7,1.0,0.1,a,2,9,13,15
254,Robinson,Antonee,Robinson,Fulham,54,2,DEF,45,4,249,0,0,0,7,0,0,0,0,0,0,0,21,46.0,54.6,12.0,11.2,3,0.21,0.16,0.37,6.20,1.3,1.3,1.5,a,8,12,7,15
255,J.Cuenca,Jorge,Cuenca Barreno,Fulham,54,2,DEF,45,3,90,0,0,0,3,0,0,0,0,0,0,0,7,32.8,21.3,0.0,5.4,1,0.00,0.03,0.03,2.24,1.0,3.0,0.0,a,1,3,9,10
256,Tete,Kenny,Tete,Fulham,54,2,DEF,45,0,0,0,0,0,0,0,0,0,0,0,0,0,0,0.0,0.0,0.0,0.0,0,0.00,0.00,0.00,0.00,0.0,0.0,0.2,a,0,0,0,0
257,Bassey,Calvin,Bassey,Fulham,54,2,DEF,45,3,270,0,0,0,7,0,0,0,1,0,0,0,16,47.0,12.8,2.0,6.2,3,0.02,0.07,0.09,6.23,1.0,1.0,0.7,a,3,12,10,13
258,Castagne,Timothy,Castagne,Fulham,54,2,DEF,45,13,247,0,2,1,6,0,0,0,1,0,0,0,38,58.6,52.6,53.0,16.4,3,0.67,0.37,1.04,4.47,4.3,4.3,0.9,a,4,11,11,15
261,Iwobi,Alex,Iwobi,Fulham,54,3,MID,55,6,262,0,0,0,7,0,0,0,0,0,0,0,52,32.0,70.5,13.0,11.6,3,0.05,0.70,0.75,6.23,2.0,2.0,0.8,a,3,11,4,18
262,Smith Rowe,Emile,Smith Rowe,Fulham,54,3,MID,54,2,25,0,0,0,0,0,0,0,0,0,0,0,8,5.4,23.3,9.0,3.8,0,0.06,0.02,0.08,0.41,0.7,1.0,0.3,a,0,1,0,1
263,Kevin,Kevin,Santos Lopes de Macedo,Fulham,54,3,MID,54,2,24,0,0,0,0,0,0,0,0,0,0,0,4,5.2,3.4,0.0,0.8,0,0.00,0.05,0.05,0.20,0.7,1.0,0.0,a,2,1,0,3
264,Bobb,Oscar,Bobb,Fulham,54,3,MID,55,7,211,0,0,1,6,0,0,0,0,0,0,0,35,28.0,85.0,65.0,17.8,3,0.32,0.92,1.24,4.44,2.3,2.3,0.3,a,5,8,2,15
265,Berge,Sander,Berge,Fulham,54,3,MID,50,5,183,0,0,0,5,0,0,0,0,0,0,0,37,22.8,53.9,9.0,8.6,2,0.03,0.33,0.36,4.90,1.7,1.7,0.3,a,1,6,1,8
266,Cairney,Tom,Cairney,Fulham,54,3,MID,50,0,0,0,0,0,0,0,0,0,0,0,0,0,0,0.0,0.0,0.0,0.0,0,0.00,0.00,0.00,0.00,0.0,0.0,0.0,i,0,0,0,0
268,King,Josh,King,Fulham,54,3,MID,55,19,270,2,0,0,7,0,0,0,0,0,0,3,80,96.8,46.1,96.0,23.9,3,0.95,0.34,1.29,6.23,6.3,6.3,1.0,a,5,10,4,19
269,Sessegnon,Ryan,Sessegnon,Fulham,54,2,DEF,45,3,50,0,0,0,1,0,0,0,0,0,0,0,13,17.2,26.3,31.0,7.5,0,0.13,0.44,0.57,1.80,1.0,1.0,0.3,a,1,3,2,3
270,Reed,Harrison,Reed,Fulham,54,3,MID,45,0,0,0,0,0,0,0,0,0,0,0,0,0,0,0.0,0.0,0.0,0.0,0,0.00,0.00,0.00,0.00,0.0,0.0,1.2,a,0,0,0,0
271,Muniz,Rodrigo,Muniz Carvalho,Fulham,54,4,FWD,54,2,15,0,0,0,0,0,0,0,0,0,0,0,11,9.2,21.6,34.0,6.5,0,0.40,0.00,0.40,0.03,0.7,1.0,0.5,a,0,0,1,1
272,Kusi-Asare,Jonah,Kusi-Asare,Fulham,54,4,FWD,45,0,0,0,0,0,0,0,0,0,0,0,0,0,0,0.0,0.0,0.0,0.0,0,0.00,0.00,0.00,0.00,0.0,0.0,6.4,a,0,0,0,0
569,Gonzalo,Gonzalo,García,Fulham,54,4,FWD,60,10,270,1,0,0,7,0,0,0,0,0,0,0,45,48.6,21.1,103.0,17.3,3,1.44,0.22,1.66,6.23,3.3,3.3,4.3,a,2,6,5,13
570,Palacios,César,Palacios,Fulham,54,3,MID,55,11,207,1,0,0,6,0,0,0,1,0,0,1,43,39.6,22.3,62.0,12.4,3,0.98,0.03,1.01,4.97,3.7,3.7,0.2,a,2,8,3,13
580,Charles,Shea,Charles,Fulham,54,3,MID,50,4,123,0,0,0,4,0,0,0,0,0,0,0,25,16.4,39.3,14.0,7.0,1,0.09,0.12,0.21,3.77,1.3,1.3,0.1,a,1,11,4,16
610,De Fougerolles,Luc,De Fougerolles,Fulham,54,2,DEF,40,0,0,0,0,0,0,0,0,0,0,0,0,0,0,0.0,0.0,0.0,0.0,0,0.00,0.00,0.00,0.00,0.0,0.0,0.1,d,0,0,0,0
626,Zepa,Macauley,Zepa,Fulham,54,3,MID,45,0,0,0,0,0,0,0,0,0,0,0,0,0,0,0.0,0.0,0.0,0.0,0,0.00,0.00,0.00,0.00,0.0,0.0,0.3,a,0,0,0,0
635,Larsson,Hugo,Larsson,Fulham,54,3,MID,50,1,11,0,0,0,0,0,0,0,0,0,0,0,3,3.6,1.3,9.0,1.4,0,0.13,0.22,0.35,0.00,1.0,1.0,0.0,a,1,0,0,1
636,Ángel,Manuel Ángel,Morán Ibáñez,Fulham,54,3,MID,50,0,0,0,0,0,0,0,0,0,0,0,0,0,0,0.0,0.0,0.0,0.0,0,0.00,0.00,0.00,0.00,0.0,0.0,0.0,a,0,0,0,0
650,Affengruber,David,Affengruber,Fulham,54,2,DEF,45,0,0,0,0,0,0,0,0,0,0,0,0,0,0,0.0,0.0,0.0,0.0,0,0.00,0.00,0.00,0.00,0.0,0.0,0.0,a,0,0,0,0
240,Iroegbunam,Tim,Iroegbunam,Hull City,88,3,MID,50,1,4,0,0,0,0,0,0,0,0,0,0,0,2,0.0,0.0,0.0,0.0,0,0.00,0.00,0.00,0.00,0.3,1.0,0.0,a,0,0,0,0
273,Phillips,Dillon,Phillips,Hull City,88,1,GKP,40,0,0,0,0,0,0,0,0,0,0,0,0,0,0,0.0,0.0,0.0,0.0,0,0.00,0.00,0.00,0.00,0.0,0.0,1.5,a,0,0,0,0
274,Butland,Jack,Butland,Hull City,88,1,GKP,45,0,0,0,0,0,0,0,0,0,0,0,0,0,0,0.0,0.0,0.0,0.0,0,0.00,0.00,0.00,0.00,0.0,0.0,0.1,i,0,0,0,0
275,Cartwright,Harvey,Cartwright,Hull City,88,1,GKP,40,0,0,0,0,0,0,0,0,0,0,0,0,0,0,0.0,0.0,0.0,0.0,0,0.00,0.00,0.00,0.00,0.0,0.0,0.0,u,0,0,0,0
276,Lo-Tutala,Thimothée,Lo-Tutala,Hull City,88,1,GKP,40,0,0,0,0,0,0,0,0,0,0,0,0,0,0,0.0,0.0,0.0,0.0,0,0.00,0.00,0.00,0.00,0.0,0.0,0.0,u,0,0,0,0
277,Egan,John,Egan,Hull City,88,2,DEF,41,23,270,0,0,3,0,0,0,0,0,0,0,1,70,82.6,0.6,2.0,8.6,3,0.00,0.00,0.00,5.05,7.7,7.7,6.1,a,5,5,36,41
278,Hughes,Charlie,Hughes,Hull City,88,2,DEF,40,0,0,0,0,0,0,0,0,0,0,0,0,0,0,0.0,0.0,0.0,0.0,0,0.00,0.00,0.00,0.00,0.0,0.0,0.1,i,0,0,0,0
279,Ajayi,Semi,Ajayi,Hull City,88,2,DEF,41,25,243,1,0,3,0,0,0,0,1,0,0,2,80,70.8,1.7,35.0,10.7,3,0.52,0.00,0.52,4.08,8.3,8.3,10.9,a,3,9,17,20
280,Coyle,Lewie,Coyle,Hull City,88,2,DEF,40,12,177,0,0,2,0,0,0,0,1,0,0,0,44,11.8,16.2,0.0,2.8,3,0.00,0.02,0.02,4.06,4.0,4.0,0.5,a,1,4,5,6
281,Drameh,Cody,Drameh,Hull City,88,2,DEF,40,2,65,0,0,0,0,0,0,0,0,0,0,0,8,6.4,0.4,1.0,0.8,0,0.05,0.00,0.05,0.87,0.7,1.0,0.1,u,1,4,5,6
282,Giles,Ryan,Giles,Hull City,88,2,DEF,40,20,264,0,0,3,0,0,0,0,0,0,0,2,75,38.2,60.2,6.0,10.5,3,0.02,0.18,0.20,4.98,6.7,6.7,1.2,a,3,10,9,12
283,Jacob,Matty,Jacob,Hull City,88,2,DEF,40,0,0,0,0,0,0,0,0,0,0,0,0,0,0,0.0,0.0,0.0,0.0,0,0.00,0.00,0.00,0.00,0.0,0.0,0.0,u,0,0,0,0
284,McCarthy,Cathal,McCarthy,Hull City,88,2,DEF,40,0,0,0,0,0,0,0,0,0,0,0,0,0,0,0.0,0.0,0.0,0.0,0,0.00,0.00,0.00,0.00,0.0,0.0,0.1,a,0,0,0,0
285,McNair,Paddy,McNair,Hull City,88,2,DEF,40,1,26,0,0,0,0,0,0,0,0,0,0,0,3,4.2,0.0,0.0,0.4,0,0.00,0.00,0.00,0.96,0.3,1.0,0.1,a,0,1,2,2
286,Belloumi,Mohamed,Belloumi,Hull City,88,3,MID,50,14,253,0,1,3,0,0,0,0,0,0,0,0,46,56.6,26.7,28.0,11.1,3,0.20,0.06,0.26,4.87,4.7,4.7,0.9,a,9,9,14,32
287,Millar,Liam,Millar,Hull City,88,3,MID,50,6,50,1,0,0,0,0,0,0,1,0,0,0,26,36.0,1.1,15.0,5.2,0,0.58,0.00,0.58,0.87,2.0,3.0,0.1,u,1,1,2,4
288,Dowell,Kieran,Dowell,Hull City,88,3,MID,45,0,0,0,0,0,0,0,0,0,0,0,0,0,0,0.0,0.0,0.0,0.0,0,0.00,0.00,0.00,0.00,0.0,0.0,0.4,a,0,0,0,0
289,Crooks,Matt,Crooks,Hull City,88,3,MID,45,2,90,0,0,1,0,0,0,0,1,0,0,0,9,19.0,2.4,0.0,2.1,1,0.00,0.00,0.00,1.83,0.7,2.0,0.5,d,4,1,4,9
290,Slater,Regan,Slater,Hull City,88,3,MID,45,11,270,0,1,3,0,0,0,0,1,0,0,0,36,38.8,34.4,10.0,8.4,3,0.04,0.46,0.50,5.05,3.7,3.7,5.1,a,6,8,5,19
291,Matazo,Eliot,Matazo,Hull City,88,3,MID,45,0,0,0,0,0,0,0,0,0,0,0,0,0,0,0.0,0.0,0.0,0.0,0,0.00,0.00,0.00,0.00,0.0,0.0,0.0,i,0,0,0,0
292,Ömür,Abdülkadir,Ömür,Hull City,88,3,MID,49,0,0,0,0,0,0,0,0,0,0,0,0,0,0,0.0,0.0,0.0,0.0,0,0.00,0.00,0.00,0.00,0.0,0.0,0.0,a,0,0,0,0
293,Kamara,Abu,Kamara,Hull City,88,3,MID,50,0,0,0,0,0,0,0,0,0,0,0,0,0,0,0.0,0.0,0.0,0.0,0,0.00,0.00,0.00,0.00,0.0,0.0,0.0,u,0,0,0,0
294,Zambrano,Óscar,Zambrano,Hull City,88,3,MID,45,0,0,0,0,0,0,0,0,0,0,0,0,0,0,0.0,0.0,0.0,0.0,0,0.00,0.00,0.00,0.00,0.0,0.0,0.1,i,0,0,0,0
295,McBurnie,Oli,McBurnie,Hull City,88,4,FWD,55,8,270,0,1,3,0,0,0,0,1,0,0,0,30,20.6,45.7,75.0,14.1,3,0.54,0.07,0.61,5.05,2.7,2.7,2.0,a,2,6,4,12
296,Akintola,David,Akintola,Hull City,88,3,MID,50,0,0,0,0,0,0,0,0,0,0,0,0,0,0,0.0,0.0,0.0,0.0,0,0.00,0.00,0.00,0.00,0.0,0.0,0.0,a,0,0,0,0
297,Gyabi,Darko,Gyabi,Hull City,88,3,MID,45,0,0,0,0,0,0,0,0,0,0,0,0,0,0,0.0,0.0,0.0,0.0,0,0.00,0.00,0.00,0.00,0.0,0.0,0.0,i,0,0,0,0
298,Destan,Enis,Destan,Hull City,88,4,FWD,45,0,0,0,0,0,0,0,0,0,0,0,0,0,0,0.0,0.0,0.0,0.0,0,0.00,0.00,0.00,0.00,0.0,0.0,0.2,u,0,0,0,0
299,Burstow,Mason,Burstow,Hull City,88,4,FWD,45,0,0,0,0,0,0,0,0,0,0,0,0,0,0,0.0,0.0,0.0,0.0,0,0.00,0.00,0.00,0.00,0.0,0.0,0.0,u,0,0,0,0
340,Gelhardt,Joe,Gelhardt,Hull City,88,3,MID,50,0,0,0,0,0,0,0,0,0,0,0,0,0,0,0.0,0.0,0.0,0.0,0,0.00,0.00,0.00,0.00,0.0,0.0,0.0,a,0,0,0,0
556,Targett,Matt,Targett,Hull City,88,2,DEF,40,1,5,0,0,0,0,0,0,0,0,0,0,0,3,0.4,0.0,0.0,0.0,0,0.00,0.00,0.00,0.07,0.3,1.0,2.0,a,0,1,0,0
563,Morita,Hidemasa,Morita,Hull City,88,3,MID,50,1,45,0,0,0,0,0,0,0,0,0,0,0,6,11.0,13.4,0.0,2.4,1,0.00,0.00,0.00,1.09,0.3,1.0,0.0,a,0,1,2,3
572,Tzolakis,Konstantinos,Tzolakis,Hull City,88,1,GKP,46,26,270,0,0,3,0,0,0,0,0,0,9,6,98,72.4,0.0,0.0,7.3,3,0.00,0.00,0.00,5.05,8.7,8.7,9.1,a,0,43,0,0
574,Hjertø-Dahl,Jens,Hjertø-Dahl,Hull City,88,3,MID,49,1,8,0,0,0,0,0,0,0,0,0,0,0,4,0.0,0.0,0.0,0.0,0,0.00,0.00,0.00,0.00,0.3,1.0,0.1,a,0,1,0,1
576,Stroud,Elliot,Stroud,Hull City,88,3,MID,50,6,190,0,0,2,0,0,0,0,1,0,0,0,14,8.4,20.9,11.0,3.6,3,0.05,0.05,0.10,4.06,2.0,2.0,0.1,a,3,9,3,15
585,Herrington,Lucas,Herrington,Hull City,88,2,DEF,40,3,76,0,0,0,0,0,0,0,0,0,0,0,9,17.6,0.3,0.0,1.8,0,0.00,0.00,0.00,1.28,1.0,1.0,0.6,a,1,1,6,7
586,Mendy,Nobel,Mendy,Hull City,88,2,DEF,40,24,191,1,0,2,0,0,0,0,0,0,0,1,66,95.6,1.2,54.0,15.1,3,0.32,0.00,0.32,3.76,8.0,8.0,6.9,a,5,6,27,32
589,Gourna-Douath,Lucas,Gourna-Douath,Hull City,88,3,MID,50,3,126,0,0,1,0,0,0,0,1,0,0,0,13,26.2,22.5,0.0,4.9,1,0.00,0.02,0.02,2.13,1.0,1.5,0.0,a,4,7,5,16
617,Cho,Mohamed-Ali,Cho,Hull City,88,3,MID,50,2,15,0,0,0,0,0,0,0,0,0,0,0,8,3.4,0.3,17.0,2.1,0,0.05,0.00,0.05,0.18,1.0,1.0,0.0,a,0,0,0,0
632,Ansah,Ilyas,Ansah,Hull City,88,4,FWD,50,0,0,0,0,0,0,0,0,0,0,0,0,0,0,0.0,0.0,0.0,0.0,0,0.00,0.00,0.00,0.00,0.0,0.0,0.0,a,0,0,0,0
637,Vaz,Robinio,Vaz,Hull City,88,4,FWD,50,0,0,0,0,0,0,0,0,0,0,0,0,0,0,0.0,0.0,0.0,0.0,0,0.00,0.00,0.00,0.00,0.0,0.0,0.0,a,0,0,0,0
638,Norton-Cuffy,Brooke,Norton-Cuffy,Hull City,88,2,DEF,40,1,26,0,0,0,0,0,0,0,0,0,0,0,3,2.2,0.3,2.0,0.5,0,0.00,0.00,0.00,0.12,1.0,1.0,0.2,a,0,2,1,1
642,Thomas,Sorba,Thomas,Hull City,88,3,MID,55,1,27,0,0,0,0,0,0,0,0,0,0,0,5,3.2,10.8,0.0,1.4,0,0.00,0.04,0.04,0.12,1.0,1.0,0.0,a,0,1,0,1
645,Mouzakitis,Christos,Mouzakitis,Hull City,88,3,MID,50,0,0,0,0,0,0,0,0,0,0,0,0,0,0,0.0,0.0,0.0,0.0,0,0.00,0.00,0.00,0.00,0.0,0.0,0.0,a,0,0,0,0
259,Diop,Issa,Diop,Ipswich Town,40,2,DEF,40,7,270,0,0,0,8,0,0,0,0,0,0,0,24,75.2,11.9,2.0,8.9,3,0.00,0.02,0.02,6.12,2.3,2.3,15.0,a,3,12,25,28
267,Lukić,Saša,Lukić,Ipswich Town,40,3,MID,50,8,252,0,1,0,7,0,0,0,1,0,0,0,46,51.2,40.9,4.0,9.6,3,0.02,0.06,0.08,5.26,2.7,2.7,0.1,a,5,6,10,21
300,Walton,Christian,Walton,Ipswich Town,40,1,GKP,45,0,0,0,0,0,0,0,0,0,0,0,0,0,0,0.0,0.0,0.0,0.0,0,0.00,0.00,0.00,0.00,0.0,0.0,0.4,a,0,0,0,0
301,Palmer,Alex,Palmer,Ipswich Town,40,1,GKP,40,0,0,0,0,0,0,0,0,0,0,0,0,0,0,0.0,0.0,0.0,0.0,0,0.00,0.00,0.00,0.00,0.0,0.0,4.2,a,0,0,0,0
302,Button,David,Button,Ipswich Town,40,1,GKP,40,0,0,0,0,0,0,0,0,0,0,0,0,0,0,0.0,0.0,0.0,0.0,0,0.00,0.00,0.00,0.00,0.0,0.0,0.5,a,0,0,0,0
303,Kipré,Cédric,Kipré,Ipswich Town,40,2,DEF,40,0,0,0,0,0,0,0,0,0,0,0,0,0,0,0.0,0.0,0.0,0.0,0,0.00,0.00,0.00,0.00,0.0,0.0,0.5,a,0,0,0,0
304,O'Shea,Dara,O'Shea,Ipswich Town,40,2,DEF,40,7,270,0,0,0,8,0,0,0,0,0,0,0,7,71.8,29.7,15.0,11.6,3,0.07,0.18,0.25,6.12,2.3,2.3,3.1,a,5,11,25,30
305,Davis,Leif,Davis,Ipswich Town,40,2,DEF,40,9,270,1,0,0,8,0,0,0,0,0,0,0,15,79.6,38.5,69.0,18.8,3,0.65,0.25,0.90,6.12,3.0,3.0,5.1,a,2,8,15,17
306,Greaves,Jacob,Greaves,Ipswich Town,40,2,DEF,40,2,270,0,0,0,8,1,0,0,1,0,0,0,5,49.8,14.9,4.0,6.9,3,0.00,0.05,0.05,6.12,0.7,0.7,1.3,a,5,8,19,24
307,Johnson,Ben,Johnson,Ipswich Town,40,2,DEF,40,0,0,0,0,0,0,0,0,0,0,0,0,0,0,0.0,0.0,0.0,0.0,0,0.00,0.00,0.00,0.00,0.0,0.0,0.1,u,0,0,0,0
308,Furlong,Darnell,Furlong,Ipswich Town,40,2,DEF,40,1,17,0,0,0,1,0,0,0,0,0,0,0,-1,5.0,0.5,0.0,0.6,0,0.00,0.00,0.00,0.86,0.3,1.0,0.5,a,1,0,2,3
309,Núñez,Marcelino,Núñez,Ipswich Town,40,3,MID,50,6,140,0,0,0,4,0,0,0,0,0,0,0,32,24.6,19.4,6.0,5.0,2,0.03,0.05,0.08,3.48,2.0,3.0,0.1,a,3,10,8,21
310,Matusiwa,Azor,Matusiwa,Ipswich Town,40,3,MID,49,0,0,0,0,0,0,0,0,0,0,0,0,0,0,0.0,0.0,0.0,0.0,0,0.00,0.00,0.00,0.00,0.0,0.0,0.0,i,0,0,0,0
311,Burns,Wes,Burns,Ipswich Town,40,3,MID,50,0,0,0,0,0,0,0,0,0,0,0,0,0,0,0.0,0.0,0.0,0.0,0,0.00,0.00,0.00,0.00,0.0,0.0,0.0,u,0,0,0,0
312,Taylor,Jack,Taylor,Ipswich Town,40,3,MID,45,0,0,0,0,0,0,0,0,0,0,0,0,0,0,0.0,0.0,0.0,0.0,0,0.00,0.00,0.00,0.00,0.0,0.0,0.0,i,0,0,0,0
313,Clarke,Jack,Clarke,Ipswich Town,40,3,MID,55,8,43,1,0,0,0,0,0,0,0,0,0,1,30,37.0,12.3,22.0,7.1,0,0.15,0.02,0.17,0.09,2.7,4.0,0.2,a,1,2,1,4
314,Ogbene,Chiedozie,Ogbene,Ipswich Town,40,3,MID,49,0,0,0,0,0,0,0,0,0,0,0,0,0,0,0.0,0.0,0.0,0.0,0,0.00,0.00,0.00,0.00,0.0,0.0,0.0,u,0,0,0,0
315,Fatawu,Abdul,Fatawu,Ipswich Town,40,3,MID,55,8,225,0,1,0,8,0,0,0,1,0,0,0,61,55.4,103.6,14.0,17.3,3,0.03,0.78,0.81,5.91,2.7,2.7,0.2,a,7,6,4,17
316,Emersonn,Emersonn,Correia da Silva,Ipswich Town,40,4,FWD,55,12,175,1,0,0,4,0,0,0,0,0,0,3,56,49.8,37.4,50.0,13.7,3,1.04,0.06,1.10,2.02,4.0,4.0,1.7,a,2,2,3,7
317,Hirst,George,Hirst,Ipswich Town,40,4,FWD,50,0,0,0,0,0,0,0,0,0,0,0,0,0,0,0.0,0.0,0.0,0.0,0,0.00,0.00,0.00,0.00,0.0,0.0,0.1,u,0,0,0,0
318,Philogene,Jaden,Philogene,Ipswich Town,40,3,MID,54,0,0,0,0,0,0,0,0,0,0,0,0,0,0,0.0,0.0,0.0,0.0,0,0.00,0.00,0.00,0.00,0.0,0.0,0.1,i,0,0,0,0
319,Szmodics,Sam,Szmodics,Ipswich Town,40,3,MID,50,0,0,0,0,0,0,0,0,0,0,0,0,0,0,0.0,0.0,0.0,0.0,0,0.00,0.00,0.00,0.00,0.0,0.0,0.0,u,0,0,0,0
320,Akpom,Chuba,Akpom,Ipswich Town,40,4,FWD,50,6,69,1,0,0,4,0,0,0,0,0,0,0,33,34.6,1.7,19.0,5.5,0,0.97,0.00,0.97,4.04,2.0,3.0,1.1,a,1,2,0,3
321,Walle Egeli,Sindre,Walle Egeli,Ipswich Town,40,4,FWD,45,1,10,0,0,0,0,0,0,0,0,0,0,0,3,0.0,0.1,0.0,0.0,0,0.00,0.00,0.00,0.03,0.3,1.0,3.4,a,0,0,0,0
322,Al-Hamadi,Ali,Al-Hamadi,Ipswich Town,40,4,FWD,50,0,0,0,0,0,0,0,0,0,0,0,0,0,0,0.0,0.0,0.0,0.0,0,0.00,0.00,0.00,0.00,0.0,0.0,0.1,u,0,0,0,0
323,McAteer,Kasey,McAteer,Ipswich Town,40,3,MID,45,3,42,0,0,0,0,0,0,0,0,0,0,0,12,4.6,1.8,7.0,1.4,0,0.05,0.00,0.05,0.21,1.0,1.0,1.2,a,1,4,0,5
324,Mehmeti,Anis,Mehmeti,Ipswich Town,40,3,MID,49,0,0,0,0,0,0,0,0,0,0,0,0,0,0,0.0,0.0,0.0,0.0,0,0.00,0.00,0.00,0.00,0.0,0.0,0.0,a,0,0,0,0
554,Van Oevelen,Kayne,van Oevelen,Ipswich Town,40,1,GKP,45,0,0,0,0,0,0,0,0,0,0,0,0,0,0,0.0,0.0,0.0,0.0,0,0.00,0.00,0.00,0.00,0.0,0.0,0.0,u,0,0,0,0
562,Maeda,Daizen,Maeda,Ipswich Town,40,3,MID,54,6,216,0,0,0,7,0,0,0,0,0,0,0,26,28.8,2.9,43.0,7.4,3,0.71,0.01,0.72,5.16,2.0,2.0,0.3,a,7,4,8,19
564,Scherpen,Kjell,Scherpen,Ipswich Town,40,1,GKP,45,6,270,0,0,0,8,0,0,0,0,0,13,0,34,88.6,0.0,0.0,8.8,3,0.00,0.01,0.01,6.12,2.0,2.0,0.6,a,0,30,5,0
571,Florentino,Florentino Ibrain,Morris Luís,Ipswich Town,40,3,MID,49,0,0,0,0,0,0,0,0,0,0,0,0,0,0,0.0,0.0,0.0,0.0,0,0.00,0.00,0.00,0.00,0.0,0.0,0.1,a,0,0,0,0
591,Enciso,Julio,Enciso,Ipswich Town,40,3,MID,55,11,250,0,2,0,8,0,0,0,1,0,0,0,65,53.6,48.9,62.0,16.5,3,0.87,0.64,1.51,6.09,3.7,3.7,0.8,a,2,15,4,21
592,Ouattara,Abdoul,Ouattara,Ipswich Town,40,2,DEF,40,3,39,0,0,0,1,0,0,0,0,0,0,0,7,9.4,24.6,0.0,3.4,0,0.00,0.02,0.02,0.89,1.0,1.0,0.9,a,0,3,2,2
602,Humphreys,Cameron,Humphreys,Ipswich Town,40,3,MID,45,0,0,0,0,0,0,0,0,0,0,0,0,0,0,0.0,0.0,0.0,0.0,0,0.00,0.00,0.00,0.00,0.0,0.0,0.0,u,0,0,0,0
619,Palacios,Exequiel,Palacios,Ipswich Town,40,3,MID,50,5,105,0,0,0,4,0,0,0,0,0,0,0,35,27.4,34.5,2.0,6.4,1,0.00,0.03,0.03,2.61,2.5,2.5,0.0,a,5,15,5,25
640,Flemming,Zian,Flemming,Ipswich Town,40,4,FWD,55,1,24,0,0,0,0,0,0,0,0,0,0,0,4,3.2,0.5,7.0,1.1,0,0.02,0.01,0.03,0.06,1.0,1.0,0.0,a,0,0,0,0
260,Wilson,Harry,Wilson,Leeds,2,3,MID,64,4,127,0,0,1,0,0,0,0,1,0,0,0,15,16.0,47.7,12.0,7.7,1,0.01,0.06,0.07,2.98,1.3,1.3,3.4,a,3,4,2,9
326,Perri,Lucas Estella,Perri,Leeds,2,1,GKP,45,0,0,0,0,0,0,0,0,0,0,0,0,0,0,0.0,0.0,0.0,0.0,0,0.00,0.00,0.00,0.00,0.0,0.0,0.4,u,0,0,0,0
327,Bijol,Jaka,Bijol,Leeds,2,2,DEF,50,12,164,0,0,1,2,0,0,0,0,0,0,2,29,38.2,0.6,15.0,5.4,2,0.11,0.00,0.11,3.16,4.0,4.0,0.9,a,3,7,18,21
329,Rodon,Joe,Rodon,Leeds,2,2,DEF,44,7,123,0,0,1,0,0,0,0,0,0,0,0,25,23.0,14.7,7.0,4.5,2,0.03,0.06,0.09,1.01,2.3,3.5,1.7,i,1,2,10,11
330,Bogle,Jayden,Bogle,Leeds,2,2,DEF,45,22,217,1,0,2,1,0,0,0,1,0,0,3,63,61.0,14.1,37.0,11.2,3,0.90,0.03,0.93,1.64,7.3,7.3,1.3,a,3,8,9,12
331,Gudmundsson,Gabriel,Gudmundsson,Leeds,2,2,DEF,45,2,90,0,0,0,1,0,0,0,0,0,0,0,9,12.6,1.2,2.0,1.6,1,0.00,0.00,0.00,2.19,0.7,2.0,0.1,a,3,9,2,5
332,Justin,James,Justin,Leeds,2,2,DEF,45,16,270,0,0,1,2,0,0,0,0,0,0,2,49,66.0,15.6,32.0,11.3,3,0.17,0.02,0.19,4.52,5.3,5.3,1.5,a,11,11,19,30
333,Bornauw,Sebastiaan,Bornauw,Leeds,2,2,DEF,45,0,0,0,0,0,0,0,0,0,0,0,0,0,0,0.0,0.0,0.0,0.0,0,0.00,0.00,0.00,0.00,0.0,0.0,0.0,u,0,0,0,0
334,Muharemović,Tarik,Muharemović,Leeds,2,2,DEF,50,14,270,0,0,1,2,0,0,0,0,0,0,0,52,96.4,2.2,21.0,11.9,3,0.09,0.02,0.11,4.52,4.7,4.7,3.4,a,3,6,36,39
335,Stach,Anton,Stach,Leeds,2,3,MID,60,19,270,1,0,1,2,0,0,0,0,0,0,3,57,87.8,35.8,39.0,16.3,3,0.49,0.16,0.65,4.52,6.3,6.3,2.8,a,9,11,18,38
336,Okafor,Noah,Okafor,Leeds,2,3,MID,59,6,153,0,0,1,1,0,0,0,0,0,0,0,30,17.8,22.1,16.0,5.6,2,0.08,0.18,0.26,1.11,2.0,2.0,0.3,a,3,2,2,7
337,Aaronson,Brenden,Aaronson,Leeds,2,3,MID,54,5,154,0,0,1,2,0,0,0,0,0,0,0,27,10.2,2.7,7.0,2.0,2,0.01,0.02,0.03,3.08,1.7,1.7,0.6,a,2,7,1,10
338,Ampadu,Ethan,Ampadu,Leeds,2,3,MID,55,9,270,0,0,1,2,0,0,0,0,0,0,0,43,61.8,41.2,1.0,10.4,3,0.01,0.14,0.15,4.52,3.0,3.0,1.1,a,8,9,17,34
339,Longstaff,Sean,Longstaff,Leeds,2,3,MID,49,1,8,0,0,0,0,0,0,0,0,0,0,0,3,0.0,0.2,0.0,0.0,0,0.00,0.00,0.00,0.07,0.3,1.0,0.1,a,0,0,0,0
341,Gnonto,Wilfried,Gnonto,Leeds,2,3,MID,50,0,0,0,0,0,0,0,0,0,0,0,0,0,0,0.0,0.0,0.0,0.0,0,0.00,0.00,0.00,0.00,0.0,0.0,0.0,u,0,0,0,0
342,Harrison,Jack,Harrison,Leeds,2,3,MID,50,0,0,0,0,0,0,0,0,0,0,0,0,0,0,0.0,0.0,0.0,0.0,0,0.00,0.00,0.00,0.00,0.0,0.0,0.0,u,0,0,0,0
343,James,Daniel,James,Leeds,2,3,MID,50,1,22,0,0,0,0,0,0,0,0,0,0,0,2,0.0,1.1,12.0,1.1,0,0.24,0.01,0.25,0.93,0.3,1.0,0.1,a,0,2,0,2
344,Gruev,Ilia,Gruev,Leeds,2,3,MID,50,0,0,0,0,0,0,0,0,0,0,0,0,0,0,0.0,0.0,0.0,0.0,0,0.00,0.00,0.00,0.00,0.0,0.0,0.0,d,0,0,0,0
345,Tanaka,Tanaka,Ao,Leeds,2,3,MID,49,6,117,0,1,0,1,0,0,0,0,0,0,0,24,40.8,14.0,13.0,6.8,1,0.53,0.02,0.55,2.00,2.0,3.0,0.2,a,5,6,8,19
346,Calvert-Lewin,Dominic,Calvert-Lewin,Leeds,2,4,FWD,60,10,252,1,0,1,2,0,0,0,2,0,0,2,29,42.8,16.1,67.0,12.1,3,1.61,0.08,1.69,3.20,3.3,3.3,24.3,a,0,5,4,9
347,Nmecha,Lukas,Nmecha,Leeds,2,4,FWD,54,5,38,0,1,0,0,0,0,0,0,0,0,0,20,18.2,22.1,15.0,5.4,0,0.27,0.14,0.41,2.25,1.7,2.5,0.5,a,0,1,0,1
348,Piroe,Joël,Piroe,Leeds,2,4,FWD,50,0,0,0,0,0,0,0,0,0,0,0,0,0,0,0.0,0.0,0.0,0.0,0,0.00,0.00,0.00,0.00,0.0,0.0,0.1,u,0,0,0,0
349,Mateo Joseph,Mateo,Joseph Fernández-Regatillo,Leeds,2,4,FWD,45,0,0,0,0,0,0,0,0,0,0,0,0,0,0,0.0,0.0,0.0,0.0,0,0.00,0.00,0.00,0.00,0.0,0.0,0.1,i,0,0,0,0
385,Trafford,James,Trafford,Leeds,2,1,GKP,50,15,270,0,0,1,2,0,0,0,0,0,11,2,66,91.8,0.0,0.0,9.2,3,0.00,0.00,0.00,4.52,5.0,5.0,5.4,a,0,31,2,0
598,Elvedi,Nico,Elvedi,Leeds,2,2,DEF,45,5,146,0,0,0,2,0,0,0,0,0,0,0,21,43.6,22.2,12.0,7.8,1,0.00,0.57,0.57,3.51,1.7,2.5,0.0,a,1,4,15,16
603,Lienou,Jayden,Lienou,Leeds,2,2,DEF,40,0,0,0,0,0,0,0,0,0,0,0,0,0,0,0.0,0.0,0.0,0.0,0,0.00,0.00,0.00,0.00,0.0,0.0,0.1,a,0,0,0,0
604,Cresswell,Alfie,Cresswell,Leeds,2,3,MID,45,0,0,0,0,0,0,0,0,0,0,0,0,0,0,0.0,0.0,0.0,0.0,0,0.00,0.00,0.00,0.00,0.0,0.0,0.1,a,0,0,0,0
625,Cairns,Alex,Cairns,Leeds,2,1,GKP,40,0,0,0,0,0,0,0,0,0,0,0,0,0,0,0.0,0.0,0.0,0.0,0,0.00,0.00,0.00,0.00,0.0,0.0,0.2,a,0,0,0,0
629,Zetterer,Michael,Zetterer,Leeds,2,1,GKP,40,0,0,0,0,0,0,0,0,0,0,0,0,0,0,0.0,0.0,0.0,0.0,0,0.00,0.00,0.00,0.00,0.0,0.0,0.4,a,0,0,0,0
641,Bard,Melvin,Bard,Leeds,2,2,DEF,45,0,0,0,0,0,0,0,0,0,0,0,0,0,0,0.0,0.0,0.0,0.0,0,0.00,0.00,0.00,0.00,0.0,0.0,0.0,a,0,0,0,0
648,Bahoya,Jean-Mattéo,Bahoya,Leeds,2,3,MID,50,0,0,0,0,0,0,0,0,0,0,0,0,0,0,0.0,0.0,0.0,0.0,0,0.00,0.00,0.00,0.00,0.0,0.0,0.0,a,0,0,0,0
350,A.Becker,Alisson,Becker,Liverpool,14,1,GKP,55,10,270,0,0,1,4,0,0,0,1,0,9,1,37,55.8,0.0,0.0,5.6,3,0.00,0.00,0.00,4.63,3.3,3.3,3.8,a,0,24,6,0
351,Mamardashvili,Giorgi,Mamardashvili,Liverpool,14,1,GKP,49,0,0,0,0,0,0,0,0,0,0,0,0,0,0,0.0,0.0,0.0,0.0,0,0.00,0.00,0.00,0.00,0.0,0.0,0.1,a,0,0,0,0
352,Woodman,Freddie,Woodman,Liverpool,14,1,GKP,40,0,0,0,0,0,0,0,0,0,0,0,0,0,0,0.0,0.0,0.0,0.0,0,0.00,0.00,0.00,0.00,0.0,0.0,1.1,a,0,0,0,0
353,Pecsi,Armin,Pecsi,Liverpool,14,1,GKP,40,0,0,0,0,0,0,0,0,0,0,0,0,0,0,0.0,0.0,0.0,0.0,0,0.00,0.00,0.00,0.00,0.0,0.0,0.0,u,0,0,0,0
354,Jaros,Vitezslav,Jaros,Liverpool,14,1,GKP,40,0,0,0,0,0,0,0,0,0,0,0,0,0,0,0.0,0.0,0.0,0.0,0,0.00,0.00,0.00,0.00,0.0,0.0,0.0,i,0,0,0,0
355,Davies,Harvey,Davies,Liverpool,14,1,GKP,40,0,0,0,0,0,0,0,0,0,0,0,0,0,0,0.0,0.0,0.0,0.0,0,0.00,0.00,0.00,0.00,0.0,0.0,0.2,a,0,0,0,0
356,Virgil,Virgil,van Dijk,Liverpool,14,2,DEF,65,9,270,0,0,1,4,0,0,0,1,0,0,0,45,73.4,7.7,26.0,10.7,3,0.25,0.06,0.31,4.63,3.0,3.0,17.3,a,5,15,20,25
357,Frimpong,Jeremie,Frimpong,Liverpool,14,2,DEF,54,1,160,0,0,0,4,0,0,0,1,0,0,0,12,26.4,51.6,14.0,9.2,2,0.01,0.11,0.12,3.81,0.3,0.5,2.5,a,3,6,5,8
358,Kerkez,Milos,Kerkez,Liverpool,14,2,DEF,54,6,250,0,0,1,4,0,0,0,2,0,0,0,35,55.8,37.9,12.0,10.6,3,0.02,0.06,0.08,4.56,2.0,2.0,2.8,a,6,8,14,20
359,Gomez,Joe,Gomez,Liverpool,14,2,DEF,50,0,0,0,0,0,0,0,0,0,0,0,0,0,0,0.0,0.0,0.0,0.0,0,0.00,0.00,0.00,0.00,0.0,0.0,0.0,i,0,0,0,0
360,Bradley,Conor,Bradley,Liverpool,14,2,DEF,50,0,0,0,0,0,0,0,0,0,0,0,0,0,0,0.0,0.0,0.0,0.0,0,0.00,0.00,0.00,0.00,0.0,0.0,0.0,i,0,0,0,0
361,Lucky,Wellity,Lucky,Liverpool,14,2,DEF,40,0,0,0,0,0,0,0,0,0,0,0,0,0,0,0.0,0.0,0.0,0.0,0,0.00,0.00,0.00,0.00,0.0,0.0,0.1,a,0,0,0,0
362,Jacquet,Jeremy,Jacquet,Liverpool,14,2,DEF,50,9,235,0,0,1,4,0,0,0,1,0,0,0,50,66.0,39.5,4.0,10.9,3,0.00,0.10,0.10,4.02,3.0,3.0,2.7,a,7,10,16,23
363,Leoni,Giovanni,Leoni,Liverpool,14,2,DEF,40,0,0,0,0,0,0,0,0,0,0,0,0,0,0,0.0,0.0,0.0,0.0,0,0.00,0.00,0.00,0.00,0.0,0.0,0.0,i,0,0,0,0
364,Tsimikas,Kostas,Tsimikas,Liverpool,14,2,DEF,49,1,19,0,0,0,0,0,0,0,0,0,0,0,4,3.6,1.3,9.0,1.4,0,0.04,0.01,0.05,0.07,0.3,1.0,0.1,a,0,0,0,0
365,Ramsay,Calvin,Ramsay,Liverpool,14,2,DEF,40,0,0,0,0,0,0,0,0,0,0,0,0,0,0,0.0,0.0,0.0,0.0,0,0.00,0.00,0.00,0.00,0.0,0.0,0.1,u,0,0,0,0
366,Wirtz,Florian,Wirtz,Liverpool,14,3,MID,74,9,242,0,1,1,4,0,0,0,1,0,0,0,53,44.2,76.2,73.0,19.4,3,0.67,0.29,0.96,3.46,3.0,3.0,8.6,a,4,15,0,19
367,Gakpo,Cody,Gakpo,Liverpool,14,3,MID,72,28,250,1,3,1,4,0,0,0,0,0,0,5,97,116.8,104.5,56.0,27.7,3,0.36,1.20,1.56,4.56,9.3,9.3,13.7,a,6,12,7,25
368,Szoboszlai,Dominik,Szoboszlai,Liverpool,14,3,MID,70,15,270,1,0,1,4,0,0,0,0,0,0,1,73,91.2,117.7,46.0,25.5,3,1.17,0.52,1.69,4.63,5.0,5.0,38.8,a,4,17,8,29
369,Ngumoha,Rio,Ngumoha,Liverpool,14,3,MID,58,3,81,0,0,0,2,0,0,0,0,0,0,0,14,4.4,7.3,7.0,1.8,1,0.04,0.05,0.09,0.58,1.0,1.5,0.6,a,1,2,0,3
370,Chiesa,Federico,Chiesa,Liverpool,14,3,MID,54,0,0,0,0,0,0,0,0,0,0,0,0,0,0,0.0,0.0,0.0,0.0,0,0.00,0.00,0.00,0.00,0.0,0.0,0.1,i,0,0,0,0
371,Gravenberch,Ryan,Gravenberch,Liverpool,14,3,MID,59,7,122,0,1,0,2,0,0,0,0,0,0,0,35,31.0,29.8,4.0,6.5,1,0.06,0.06,0.12,1.34,2.3,2.3,1.5,a,2,9,3,14
372,Mac Allister,Alexis,Mac Allister,Liverpool,14,3,MID,54,5,186,0,0,1,2,0,0,0,1,0,0,0,33,35.0,21.9,18.0,7.4,2,0.08,0.42,0.50,3.90,1.7,1.7,1.4,a,8,11,5,24
373,C.Jones,Curtis,Jones,Liverpool,14,3,MID,55,0,0,0,0,0,0,0,0,0,0,0,0,0,0,0.0,0.0,0.0,0.0,0,0.00,0.00,0.00,0.00,0.0,0.0,0.0,u,0,0,0,0
374,Endo,Endo,Wataru,Liverpool,14,3,MID,50,0,0,0,0,0,0,0,0,0,0,0,0,0,0,0.0,0.0,0.0,0.0,0,0.00,0.00,0.00,0.00,0.0,0.0,0.1,a,0,0,0,0
375,Nyoni,Trey,Nyoni,Liverpool,14,3,MID,49,2,19,0,0,0,0,0,0,0,0,0,0,0,6,6.6,2.3,0.0,0.9,0,0.00,0.00,0.00,0.22,0.7,1.0,0.0,a,2,2,1,5
376,Bajcetic,Stefan,Bajčetić Maquieira,Liverpool,14,3,MID,50,0,0,0,0,0,0,0,0,0,0,0,0,0,0,0.0,0.0,0.0,0.0,0,0.00,0.00,0.00,0.00,0.0,0.0,0.0,u,0,0,0,0
377,Munoz,Victor,Munoz,Liverpool,14,3,MID,65,13,180,1,1,1,2,0,0,0,1,0,0,0,48,47.0,30.0,49.0,12.6,2,0.42,0.25,0.67,3.95,4.3,4.3,1.2,a,2,5,4,11
378,McConnell,James,McConnell,Liverpool,14,3,MID,45,0,0,0,0,0,0,0,0,0,0,0,0,0,0,0.0,0.0,0.0,0.0,0,0.00,0.00,0.00,0.00,0.0,0.0,0.2,a,0,0,0,0
379,Isak,Alexander,Isak,Liverpool,14,4,FWD,91,23,243,3,0,1,4,0,0,0,0,0,0,5,97,112.4,31.3,148.0,29.1,3,2.29,0.06,2.35,4.46,7.7,7.7,20.0,a,1,2,2,5
380,Ekitiké,Hugo,Ekitiké,Liverpool,14,4,FWD,74,0,0,0,0,0,0,0,0,0,0,0,0,0,0,0.0,0.0,0.0,0.0,0,0.00,0.00,0.00,0.00,0.0,0.0,0.1,i,0,0,0,0
381,Koumas,Lewis,Koumas,Liverpool,14,3,MID,50,2,13,0,0,0,0,0,0,0,0,0,0,0,7,1.2,0.5,7.0,0.9,0,0.03,0.00,0.03,0.58,0.7,1.0,0.0,a,0,1,0,1
382,Danns,Jayden,Danns,Liverpool,14,4,FWD,45,0,0,0,0,0,0,0,0,0,0,0,0,0,0,0.0,0.0,0.0,0.0,0,0.00,0.00,0.00,0.00,0.0,0.0,0.1,a,0,0,0,0
383,Elliott,Harvey,Elliott,Liverpool,14,3,MID,54,0,0,0,0,0,0,0,0,0,0,0,0,0,0,0.0,0.0,0.0,0.0,0,0.00,0.00,0.00,0.00,0.0,0.0,0.0,u,0,0,0,0
579,Araujo,Ronald,Araujo,Liverpool,14,2,DEF,54,9,123,0,0,1,0,0,0,0,1,0,0,0,29,39.0,5.9,2.0,4.6,1,0.00,0.05,0.05,1.36,3.0,3.0,2.3,a,2,4,13,15
627,Barcola,Bradley,Barcola,Liverpool,14,3,MID,80,1,26,0,0,0,0,0,0,0,0,0,0,0,5,3.0,10.5,2.0,1.6,0,0.00,0.07,0.07,0.17,1.0,1.0,1.7,a,0,0,0,0
155,Enzo,Enzo,Fernández,Man City,43,3,MID,69,4,100,0,0,1,0,0,0,0,0,0,0,0,23,13.6,30.9,18.0,6.2,1,0.13,0.14,0.27,1.28,1.3,2.0,3.2,a,1,4,1,6
237,Ndiaye,Iliman,Ndiaye,Man City,43,3,MID,59,16,266,0,1,2,1,0,0,0,0,0,0,1,64,60.4,72.2,68.0,20.1,3,0.28,0.43,0.71,5.47,5.3,5.3,10.3,a,7,17,6,30
384,Donnarumma,Gianluigi,Donnarumma,Man City,43,1,GKP,55,10,270,0,0,1,2,1,0,0,0,0,7,0,46,60.4,0.0,0.0,6.1,3,0.00,0.00,0.00,2.68,3.3,3.3,7.8,a,0,14,2,0
386,Bettinelli,Marcus,Bettinelli,Man City,43,1,GKP,45,0,0,0,0,0,0,0,0,0,0,0,0,0,0,0.0,0.0,0.0,0.0,0,0.00,0.00,0.00,0.00,0.0,0.0,0.0,a,0,0,0,0
387,O'Reilly,Nico,O'Reilly,Man City,43,2,DEF,65,4,150,0,0,0,2,0,0,0,0,0,0,0,16,12.4,38.2,16.0,6.6,2,0.09,0.43,0.52,1.21,1.3,2.0,15.5,d,2,7,1,3
388,Guéhi,Marc,Guéhi,Man City,43,2,DEF,60,20,270,1,0,1,2,0,0,0,0,0,0,4,74,96.6,42.9,30.0,16.9,3,0.89,0.38,1.27,2.68,6.7,6.7,18.7,a,3,14,15,18
389,Matheus N.,Matheus,Nunes,Man City,43,2,DEF,59,1,33,0,0,0,0,0,0,0,0,0,0,0,4,3.8,1.5,4.0,0.9,0,0.00,0.04,0.04,0.10,0.3,1.0,1.0,a,0,2,1,1
390,Rúben,Rúben,dos Santos Gato Alves Dias,Man City,43,2,DEF,55,10,270,0,0,1,2,0,0,0,0,0,0,0,55,72.0,46.8,37.0,15.5,3,0.09,0.74,0.83,2.68,3.3,3.3,1.8,a,1,14,14,15
391,Gvardiol,Joško,Gvardiol,Man City,43,2,DEF,56,22,254,1,1,1,2,0,0,0,0,0,0,3,77,94.0,51.0,26.0,17.1,3,0.20,0.11,0.31,2.68,7.3,7.3,19.8,a,7,12,10,17
392,Aït-Nouri,Rayan,Aït-Nouri,Man City,43,2,DEF,53,0,0,0,0,0,0,0,0,0,0,0,0,0,0,0.0,0.0,0.0,0.0,0,0.00,0.00,0.00,0.00,0.0,0.0,0.5,a,0,0,0,0
393,Khusanov,Abdukodir,Khusanov,Man City,43,2,DEF,55,9,268,0,0,1,2,0,0,0,1,0,0,0,53,51.6,12.6,4.0,6.8,3,0.00,0.06,0.06,2.68,3.0,3.0,1.6,a,8,13,9,17
394,Alleyne,Max,Alleyne,Man City,43,2,DEF,50,0,0,0,0,0,0,0,0,0,0,0,0,0,0,0.0,0.0,0.0,0.0,0,0.00,0.00,0.00,0.00,0.0,0.0,0.0,u,0,0,0,0
395,Lewis,Rico,Lewis,Man City,43,2,DEF,45,1,56,0,0,0,1,0,0,0,0,0,0,0,-1,3.8,3.8,39.0,4.7,1,0.17,0.02,0.19,0.55,0.3,1.0,0.2,a,0,0,2,2
396,Vitor Reis,Vitor,de Oliveira Nunes dos Reis,Man City,43,2,DEF,45,1,1,0,0,0,0,0,0,0,0,0,0,0,3,1.2,0.9,0.0,0.2,0,0.00,0.00,0.00,0.00,0.3,1.0,0.0,a,0,0,0,0
397,Semenyo,Antoine,Semenyo,Man City,43,3,MID,84,13,270,0,2,1,2,0,0,0,0,0,0,0,75,57.6,97.8,82.0,23.8,3,0.17,0.93,1.10,2.68,4.3,4.3,18.2,a,3,9,0,12
398,Foden,Phil,Foden,Man City,43,3,MID,70,11,195,0,2,0,2,0,0,0,1,0,0,1,56,57.6,110.2,39.0,20.7,2,1.61,0.86,2.47,1.81,3.7,3.7,4.9,a,4,8,2,14
399,Cherki,Rayan,Cherki,Man City,43,3,MID,78,25,173,2,2,1,1,0,0,0,1,0,0,4,111,121.4,148.8,77.0,34.8,2,0.56,1.35,1.91,1.62,8.3,8.3,30.4,a,0,6,0,6
400,Doku,Jérémy,Doku,Man City,43,3,MID,74,0,0,0,0,0,0,0,0,0,0,0,0,0,0,0.0,0.0,0.0,0.0,0,0.00,0.00,0.00,0.00,0.0,0.0,0.8,i,0,0,0,0
402,Rodrigo,Rodrigo 'Rodri',Hernandez Cascante,Man City,43,3,MID,65,0,0,0,0,0,0,0,0,0,0,0,0,0,0,0.0,0.0,0.0,0.0,0,0.00,0.00,0.00,0.00,0.0,0.0,0.0,u,0,0,0,0
404,Reijnders,Tijjani,Reijnders,Man City,43,3,MID,60,0,0,0,0,0,0,0,0,0,0,0,0,0,0,0.0,0.0,0.0,0.0,0,0.00,0.00,0.00,0.00,0.0,0.0,0.0,u,0,0,0,0
406,Kovačić,Mateo,Kovačić,Man City,43,3,MID,54,2,42,0,0,0,0,0,0,0,0,0,0,0,12,4.2,5.2,0.0,0.9,0,0.00,0.02,0.02,0.10,0.7,1.0,0.1,a,0,2,0,2
407,Echeverri,Claudio,Echeverri,Man City,43,3,MID,49,0,0,0,0,0,0,0,0,0,0,0,0,0,0,0.0,0.0,0.0,0.0,0,0.00,0.00,0.00,0.00,0.0,0.0,0.0,u,0,0,0,0
408,Phillips,Kalvin,Phillips,Man City,43,3,MID,50,0,0,0,0,0,0,0,0,0,0,0,0,0,0,0.0,0.0,0.0,0.0,0,0.00,0.00,0.00,0.00,0.0,0.0,0.0,u,0,0,0,0
409,Mukasa,Divine,Mukasa,Man City,43,3,MID,45,0,0,0,0,0,0,0,0,0,0,0,0,0,0,0.0,0.0,0.0,0.0,0,0.00,0.00,0.00,0.00,0.0,0.0,0.1,u,0,0,0,0
410,Monga,Jeremy,Monga,Man City,43,3,MID,49,0,0,0,0,0,0,0,0,0,0,0,0,0,0,0.0,0.0,0.0,0.0,0,0.00,0.00,0.00,0.00,0.0,0.0,0.0,u,0,0,0,0
411,Haaland,Erling,Haaland,Man City,43,4,FWD,155,24,270,3,0,1,2,0,0,0,0,0,0,6,106,121.6,18.9,164.0,30.4,3,2.46,0.50,2.96,2.68,8.0,8.0,71.2,a,0,7,8,15
481,Anderson,Elliot,Anderson,Man City,43,3,MID,63,8,233,0,0,1,2,0,0,0,1,0,0,0,62,58.8,69.1,18.0,14.6,3,0.09,0.64,0.73,2.58,2.7,2.7,4.7,a,8,14,9,31
587,Rulli,Gerónimo,Rulli,Man City,43,1,GKP,50,0,0,0,0,0,0,0,0,0,0,0,0,0,0,0.0,0.0,0.0,0.0,0,0.00,0.00,0.00,0.00,0.0,0.0,0.0,a,0,0,0,0
616,Bouaddi,Ayyoub,Bouaddi,Man City,43,3,MID,55,2,22,0,0,0,0,0,0,0,0,0,0,0,8,13.0,4.8,0.0,1.8,0,0.00,0.12,0.12,0.37,1.0,1.0,0.1,a,0,3,3,6
621,McAidoo,Ryan,McAidoo,Man City,43,3,MID,45,2,11,0,0,0,0,0,0,0,0,0,0,0,8,5.2,0.5,3.0,0.8,0,0.10,0.00,0.10,0.02,1.0,1.0,0.1,a,2,2,0,4
622,Braithwaite,Kaden,Braithwaite,Man City,43,2,DEF,40,1,1,0,0,0,0,0,0,0,0,0,0,0,3,0.6,0.8,0.0,0.1,0,0.00,0.00,0.00,0.00,0.5,1.0,0.2,a,0,1,0,0
628,Allan,Allan,Andrade Elias,Man City,43,3,MID,60,0,0,0,0,0,0,0,0,0,0,0,0,0,0,0.0,0.0,0.0,0.0,0,0.00,0.00,0.00,0.00,0.0,0.0,0.0,a,0,0,0,0
653,Samba,Floyd,Samba,Man City,43,3,MID,45,0,0,0,0,0,0,0,0,0,0,0,0,0,0,0.0,0.0,0.0,0.0,0,0.00,0.00,0.00,0.00,0.0,0.0,0.0,a,0,0,0,0
43,Tielemans,Youri,Tielemans,Man Utd,1,3,MID,59,8,246,0,0,0,6,0,0,0,0,0,0,0,56,56.8,76.5,33.0,16.7,3,0.56,0.28,0.84,4.01,2.7,2.7,1.8,a,2,17,6,25
131,Baleba,Carlos,Baleba,Man Utd,1,3,MID,50,0,0,0,0,0,0,0,0,0,0,0,0,0,0,0.0,0.0,0.0,0.0,0,0.00,0.00,0.00,0.00,0.0,0.0,0.1,i,0,0,0,0
162,Andrey Santos,Andrey,Nascimento dos Santos,Man Utd,1,3,MID,49,4,82,0,0,0,4,0,0,0,0,0,0,0,23,24.8,5.5,8.0,3.9,1,0.00,0.24,0.24,2.03,1.3,1.3,0.8,a,4,7,7,18
325,Darlow,Karl,Darlow,Man Utd,1,1,GKP,45,0,0,0,0,0,0,0,0,0,0,0,0,0,0,0.0,0.0,0.0,0.0,0,0.00,0.00,0.00,0.00,0.0,0.0,0.0,a,0,0,0,0
412,Lammens,Senne,Lammens,Man Utd,1,1,GKP,50,5,270,0,0,0,6,0,0,0,0,0,9,0,31,79.0,0.0,0.0,7.9,3,0.00,0.00,0.00,4.08,1.7,1.7,12.6,a,0,28,4,0
413,Bayindir,Altay,Bayındır,Man Utd,1,1,GKP,45,0,0,0,0,0,0,0,0,0,0,0,0,0,0,0.0,0.0,0.0,0.0,0,0.00,0.00,0.00,0.00,0.0,0.0,0.0,u,0,0,0,0
414,Heaton,Tom,Heaton,Man Utd,1,1,GKP,40,0,0,0,0,0,0,0,0,0,0,0,0,0,0,0.0,0.0,0.0,0.0,0,0.00,0.00,0.00,0.00,0.0,0.0,0.1,i,0,0,0,0
415,Dorgu,Patrick,Dorgu,Man Utd,1,3,MID,58,2,75,0,0,0,5,0,0,0,1,0,0,0,-4,11.2,14.2,57.0,7.3,1,0.65,0.05,0.70,2.28,0.7,0.7,0.7,a,2,1,3,6
416,De Ligt,Matthijs,de Ligt,Man Utd,1,2,DEF,50,0,0,0,0,0,0,0,0,0,0,0,0,0,0,0.0,0.0,0.0,0.0,0,0.00,0.00,0.00,0.00,0.0,0.0,0.0,i,0,0,0,0
417,Dalot,Diogo,Dalot Teixeira,Man Utd,1,2,DEF,49,4,166,0,0,0,2,0,0,0,1,0,0,0,26,28.8,76.2,39.0,14.5,2,0.16,0.13,0.29,1.98,1.3,1.3,2.0,a,4,5,7,11
418,Maguire,Harry,Maguire,Man Utd,1,2,DEF,49,7,270,0,1,0,6,0,0,0,1,0,0,0,29,59.4,31.4,27.0,11.8,3,0.07,0.42,0.49,4.08,2.3,2.3,12.7,a,1,11,20,21
419,Martinez,Lisandro,Martínez,Man Utd,1,2,DEF,50,4,180,0,0,0,4,0,0,0,0,0,0,0,9,33.8,2.1,3.0,3.9,2,0.03,0.06,0.09,3.07,1.3,2.0,1.2,a,0,8,10,10
420,Yoro,Leny,Yoro,Man Utd,1,2,DEF,49,2,22,0,0,0,2,0,0,0,0,0,0,0,-1,7.8,2.4,2.0,1.3,0,0.00,0.02,0.02,1.09,0.7,1.0,0.5,a,2,1,3,5
421,Heaven,Ayden,Heaven,Man Utd,1,2,DEF,44,1,90,0,0,0,2,0,0,0,0,0,0,0,5,6.8,2.6,11.0,2.0,1,0.12,0.04,0.16,1.01,0.3,1.0,0.3,a,1,4,1,2
422,Mazraoui,Noussair,Mazraoui,Man Utd,1,2,DEF,45,3,97,0,0,0,4,0,0,0,0,0,0,0,6,21.0,31.2,11.0,6.4,1,0.22,0.06,0.28,2.08,1.0,1.0,0.6,a,2,3,4,6
423,Shaw,Luke,Shaw,Man Utd,1,2,DEF,44,7,252,0,1,0,4,0,0,0,1,0,0,0,47,86.0,85.6,13.0,18.4,3,0.02,0.51,0.53,3.01,2.3,2.3,14.2,a,6,6,14,20
424,Amass,Harry,Amass,Man Utd,1,2,DEF,40,0,0,0,0,0,0,0,0,0,0,0,0,0,0,0.0,0.0,0.0,0.0,0,0.00,0.00,0.00,0.00,0.0,0.0,0.2,a,0,0,0,0
425,Fredricson,Tyler,Fredricson,Man Utd,1,2,DEF,40,0,0,0,0,0,0,0,0,0,0,0,0,0,0,0.0,0.0,0.0,0.0,0,0.00,0.00,0.00,0.00,0.0,0.0,0.0,u,0,0,0,0
426,B.Fernandes,Bruno,Borges Fernandes,Man Utd,1,3,MID,120,27,270,3,1,0,6,0,0,0,0,0,0,3,116,156.0,151.5,97.0,40.5,3,2.25,0.80,3.05,4.08,9.0,9.0,46.7,a,2,12,2,16
427,Mbeumo,Bryan,Mbeumo,Man Utd,1,3,MID,79,21,270,2,1,0,6,0,0,0,1,0,0,3,78,95.0,85.1,102.0,28.3,3,2.31,0.47,2.78,4.08,7.0,7.0,25.8,a,3,10,4,17
428,Cunha,Matheus,Santos Carneiro da Cunha,Man Utd,1,3,MID,79,14,227,0,2,1,3,0,0,0,0,0,0,1,55,28.2,62.0,73.0,16.4,3,0.47,0.41,0.88,2.72,4.7,4.7,7.2,a,2,6,0,8
429,Rashford,Marcus,Rashford,Man Utd,1,3,MID,70,6,193,0,0,1,1,0,0,0,0,0,0,0,37,31.4,95.4,70.0,19.6,2,0.26,0.21,0.47,1.80,2.0,2.0,1.6,a,3,8,0,11
430,Mount,Mason,Mount,Man Utd,1,3,MID,54,0,0,0,0,0,0,0,0,0,0,0,0,0,0,0.0,0.0,0.0,0.0,0,0.00,0.00,0.00,0.00,0.0,0.0,0.0,a,0,0,0,0
431,Amad,Amad,Diallo,Man Utd,1,3,MID,58,0,0,0,0,0,0,0,0,0,0,0,0,0,0,0.0,0.0,0.0,0.0,0,0.00,0.00,0.00,0.00,0.0,0.0,0.4,i,0,0,0,0
432,Mainoo,Kobbie,Mainoo,Man Utd,1,3,MID,55,14,185,0,1,0,2,0,0,0,0,0,0,2,64,52.2,34.2,11.0,9.7,2,0.21,0.35,0.56,2.05,4.7,4.7,1.3,a,5,21,5,31
433,Ugarte,Manuel,Ugarte Ribeiro,Man Utd,1,3,MID,50,0,0,0,0,0,0,0,0,0,0,0,0,0,0,0.0,0.0,0.0,0.0,0,0.00,0.00,0.00,0.00,0.0,0.0,0.0,i,0,0,0,0
434,J.Fletcher,Jack,Fletcher,Man Utd,1,3,MID,50,0,0,0,0,0,0,0,0,0,0,0,0,0,0,0.0,0.0,0.0,0.0,0,0.00,0.00,0.00,0.00,0.0,0.0,0.0,a,0,0,0,0
435,Lacey,Shea,Lacey,Man Utd,1,3,MID,49,1,10,0,0,0,0,0,0,0,0,0,0,0,3,0.2,0.6,0.0,0.1,0,0.00,0.00,0.00,0.00,0.3,1.0,0.1,a,0,1,0,1
436,Collyer,Toby,Collyer,Man Utd,1,3,MID,50,0,0,0,0,0,0,0,0,0,0,0,0,0,0,0.0,0.0,0.0,0.0,0,0.00,0.00,0.00,0.00,0.0,0.0,0.0,u,0,0,0,0
437,Bendito Mantato,Bendito,Mantato,Man Utd,1,3,MID,45,0,0,0,0,0,0,0,0,0,0,0,0,0,0,0.0,0.0,0.0,0.0,0,0.00,0.00,0.00,0.00,0.0,0.0,0.2,a,0,0,0,0
438,Fletcher,Tyler,Fletcher,Man Utd,1,3,MID,45,0,0,0,0,0,0,0,0,0,0,0,0,0,0,0.0,0.0,0.0,0.0,0,0.00,0.00,0.00,0.00,0.0,0.0,0.3,a,0,0,0,0
439,Šeško,Benjamin,Sesko,Man Utd,1,4,FWD,70,7,53,1,0,0,3,0,0,0,0,0,0,0,35,33.4,11.2,32.0,7.6,0,0.33,0.01,0.34,1.43,2.3,2.3,1.6,a,0,3,0,3
440,Zirkzee,Joshua,Zirkzee,Man Utd,1,4,FWD,54,0,0,0,0,0,0,0,0,0,0,0,0,0,0,0.0,0.0,0.0,0.0,0,0.00,0.00,0.00,0.00,0.0,0.0,0.4,a,0,0,0,0
441,Obi,Chido,Obi,Man Utd,1,4,FWD,45,0,0,0,0,0,0,0,0,0,0,0,0,0,0,0.0,0.0,0.0,0.0,0,0.00,0.00,0.00,0.00,0.0,0.0,1.2,a,0,0,0,0
405,N.Gonzalez,Nico,González Iglesias,Newcastle,4,3,MID,55,4,146,0,0,1,2,0,0,0,1,0,0,0,20,13.4,41.9,2.0,5.8,2,0.00,0.21,0.21,2.07,1.3,2.0,0.3,a,0,8,3,11
442,Pope,Nick,Pope,Newcastle,4,1,GKP,49,0,0,0,0,0,0,0,0,0,0,0,0,0,0,0.0,0.0,0.0,0.0,0,0.00,0.00,0.00,0.00,0.0,0.0,1.1,a,0,0,0,0
443,Gillespie,Mark,Gillespie,Newcastle,4,1,GKP,45,0,0,0,0,0,0,0,0,0,0,0,0,0,0,0.0,0.0,0.0,0.0,0,0.00,0.00,0.00,0.00,0.0,0.0,0.0,a,0,0,0,0
444,Jaouen,Ewen,Jaouen,Newcastle,4,1,GKP,45,0,0,0,0,0,0,0,0,0,0,0,0,0,0,0.0,0.0,0.0,0.0,0,0.00,0.00,0.00,0.00,0.0,0.0,0.0,a,0,0,0,0
445,Thiaw,Malick,Thiaw,Newcastle,4,2,DEF,50,8,270,0,0,1,4,1,0,0,0,0,0,0,25,52.2,14.0,2.0,6.8,3,0.00,0.07,0.07,5.47,2.7,2.7,2.2,a,0,6,21,21
446,Schär,Fabian,Schär,Newcastle,4,2,DEF,50,1,1,0,0,0,1,0,0,0,0,0,0,0,-1,0.0,0.0,0.0,0.0,0,0.00,0.00,0.00,0.79,0.3,1.0,0.2,a,0,0,0,0
447,Botman,Sven,Botman,Newcastle,4,2,DEF,50,9,270,0,0,1,4,0,0,0,1,0,0,0,29,69.6,3.0,6.0,7.9,3,0.01,0.17,0.18,5.47,3.0,3.0,0.7,a,2,9,22,24
448,Burn,Dan,Burn,Newcastle,4,2,DEF,49,0,0,0,0,0,0,0,0,0,0,0,0,0,0,0.0,0.0,0.0,0.0,0,0.00,0.00,0.00,0.00,0.0,0.0,1.0,i,0,0,0,0
449,Hall,Lewis,Hall,Newcastle,4,2,DEF,51,18,269,0,1,1,4,0,0,0,0,0,0,3,80,89.0,55.9,7.0,15.1,3,0.04,0.67,0.71,5.45,6.0,6.0,11.5,a,8,27,22,30
450,Livramento,Tino,Livramento,Newcastle,4,2,DEF,49,1,1,0,0,0,0,0,0,0,0,0,0,0,3,0.2,0.0,0.0,0.0,0,0.00,0.00,0.00,0.02,0.3,1.0,0.0,a,0,0,0,0
451,A.Murphy,Alex,Murphy,Newcastle,4,2,DEF,40,0,0,0,0,0,0,0,0,0,0,0,0,0,0,0.0,0.0,0.0,0.0,0,0.00,0.00,0.00,0.00,0.0,0.0,0.1,u,0,0,0,0
453,Barnes,Harvey,Barnes,Newcastle,4,3,MID,60,17,270,1,1,1,4,0,0,0,0,0,0,2,58,45.4,27.3,39.0,11.2,3,0.22,0.06,0.28,5.47,5.7,5.7,1.9,a,3,8,7,18
454,Elanga,Anthony,Elanga,Newcastle,4,3,MID,61,18,232,2,0,1,3,0,0,0,1,0,0,2,71,82.6,50.6,61.0,19.4,3,0.42,0.34,0.76,4.01,6.0,6.0,10.9,a,4,3,2,9
456,J.Ramsey,Jacob,Ramsey,Newcastle,4,3,MID,49,7,69,1,0,0,1,0,0,0,1,0,0,0,26,40.4,6.3,21.0,6.7,0,0.17,0.16,0.33,1.92,2.3,2.3,0.3,a,2,6,3,11
457,J.Murphy,Jacob,Murphy,Newcastle,4,3,MID,59,2,35,0,0,0,1,0,0,0,1,0,0,0,7,2.4,3.5,4.0,0.9,0,0.00,0.20,0.20,1.46,0.7,0.7,0.1,a,1,4,1,6
458,Joelinton,Joelinton Cássio,Apolinário de Lira,Newcastle,4,3,MID,54,0,0,0,0,0,0,0,0,0,0,0,0,0,0,0.0,0.0,0.0,0.0,0,0.00,0.00,0.00,0.00,0.0,0.0,0.0,i,0,0,0,0
459,L.Miley,Lewis,Miley,Newcastle,4,3,MID,55,8,227,0,0,1,3,0,0,0,1,0,0,0,40,30.0,37.2,5.0,7.2,3,0.05,0.07,0.12,4.39,2.7,2.7,0.1,a,1,15,10,26
460,Willock,Joe,Willock,Newcastle,4,3,MID,50,11,166,1,0,1,3,0,0,0,0,0,0,0,34,44.4,20.4,28.0,8.5,2,0.52,0.20,0.72,3.57,3.7,3.7,0.5,a,3,3,2,8
461,Touré,Bazoumana,Touré,Newcastle,4,3,MID,59,1,1,0,0,0,0,0,0,0,0,0,0,0,3,0.0,0.0,0.0,0.0,0,0.00,0.00,0.00,0.00,0.3,1.0,0.1,a,0,0,0,0
462,Steur,Sean,Steur,Newcastle,4,3,MID,49,3,87,0,0,0,1,0,0,0,0,0,0,0,10,7.4,1.7,0.0,1.0,1,0.00,0.00,0.00,1.90,1.0,1.0,0.1,a,0,3,4,7
463,Woltemade,Nick,Woltemade,Newcastle,4,4,FWD,59,4,19,0,1,0,0,0,0,0,0,0,0,0,18,18.2,10.5,11.0,4.0,0,0.02,0.01,0.03,0.38,1.3,4.0,0.7,u,0,0,0,0
464,Wissa,Yoane,Wissa,Newcastle,4,4,FWD,62,13,261,1,1,1,3,0,0,0,2,0,0,2,51,55.6,33.9,74.0,16.3,3,1.35,0.05,1.40,4.30,4.3,4.3,16.8,a,5,10,2,17
465,Osula,William,Osula,Newcastle,4,4,FWD,59,4,55,0,1,0,1,0,0,0,0,0,0,0,18,28.2,13.7,8.0,5.0,1,0.06,0.14,0.20,1.48,1.3,4.0,0.4,i,1,2,2,5
466,Neave,Sean,Neave,Newcastle,4,4,FWD,45,0,0,0,0,0,0,0,0,0,0,0,0,0,0,0.0,0.0,0.0,0.0,0,0.00,0.00,0.00,0.00,0.0,0.0,0.7,u,0,0,0,0
559,Bamba,Aladji,Bamba,Newcastle,4,3,MID,49,1,14,0,0,0,1,0,0,0,0,0,0,0,5,4.0,0.0,0.0,0.4,0,0.00,0.00,0.00,1.04,0.3,1.0,0.1,a,1,0,1,2
567,Horníček,Lukás,Hornícek,Newcastle,4,1,GKP,50,10,270,0,0,1,4,0,0,0,1,0,13,0,56,109.2,0.0,0.0,10.9,3,0.00,0.00,0.00,5.47,3.3,3.3,1.3,a,0,15,5,0
593,Dedić,Amar,Dedic,Newcastle,4,2,DEF,45,13,270,0,1,1,4,0,0,0,0,0,0,2,39,59.6,38.0,15.0,11.3,3,0.14,0.08,0.22,5.47,4.3,4.3,3.6,a,5,11,13,18
609,Shahar,Leo,Shahar,Newcastle,4,2,DEF,40,0,0,0,0,0,0,0,0,0,0,0,0,0,0,0.0,0.0,0.0,0.0,0,0.00,0.00,0.00,0.00,0.0,0.0,0.3,a,0,0,0,0
634,Fernandez-Pardo,Matias,Fernandez-Pardo,Newcastle,4,4,FWD,60,1,27,0,0,0,0,0,0,0,0,0,0,0,4,0.0,0.8,6.0,0.7,0,0.00,0.00,0.00,0.04,1.0,1.0,0.1,a,0,1,0,1
167,Delap,Liam,Delap,Nott'm Forest,17,4,FWD,55,3,97,0,0,1,1,0,0,0,0,0,0,0,15,6.4,30.9,12.0,4.9,1,0.13,0.06,0.19,1.22,1.0,1.5,0.8,a,0,3,2,5
201,Muñoz,Daniel,Muñoz Mejía,Nott'm Forest,17,2,DEF,54,1,85,0,0,0,2,0,0,0,0,0,0,0,1,3.6,2.6,25.0,3.1,1,0.26,0.01,0.27,1.10,0.3,0.5,6.0,a,2,1,3,5
467,Sels,Matz,Sels,Nott'm Forest,17,1,GKP,50,9,270,0,0,1,3,0,0,0,0,0,4,0,38,33.2,0.0,0.0,3.3,3,0.00,0.01,0.01,3.28,3.0,3.0,1.4,a,0,26,4,0
468,John,John Victor,Maciel Furtado,Nott'm Forest,17,1,GKP,45,0,0,0,0,0,0,0,0,0,0,0,0,0,0,0.0,0.0,0.0,0.0,0,0.00,0.00,0.00,0.00,0.0,0.0,0.1,a,0,0,0,0
469,N.Williams,Neco,Williams,Nott'm Forest,17,2,DEF,50,15,270,0,1,1,3,0,0,0,0,0,0,1,57,61.0,42.0,16.0,11.9,3,0.12,0.24,0.36,3.28,5.0,5.0,8.3,a,12,19,12,24
470,Morato,Felipe,Rodrigues da Silva,Nott'm Forest,17,2,DEF,50,0,0,0,0,0,0,0,0,0,0,0,0,0,0,0.0,0.0,0.0,0.0,0,0.00,0.00,0.00,0.00,0.0,0.0,0.0,u,0,0,0,0
471,Milenković,Nikola,Milenković,Nott'm Forest,17,2,DEF,55,12,270,0,0,1,3,0,0,0,1,0,0,0,34,53.2,1.4,16.0,7.0,3,0.11,0.03,0.14,3.28,4.0,4.0,1.6,a,5,12,26,31
472,Murillo,Murillo,Costa dos Santos,Nott'm Forest,17,2,DEF,55,13,269,0,0,1,3,0,0,0,0,0,0,0,42,61.2,27.4,18.0,10.7,3,0.35,0.28,0.63,3.28,4.3,4.3,1.6,a,6,10,24,30
473,Aina,Ola,Aina,Nott'm Forest,17,2,DEF,45,6,216,0,0,1,2,0,0,0,2,0,0,0,34,40.8,51.6,15.0,10.8,3,0.04,0.52,0.56,2.90,2.0,2.0,2.9,a,7,12,7,14
474,Jair Cunha,Jair,Paula da Cunha Filho,Nott'm Forest,17,2,DEF,45,10,270,0,0,1,3,0,0,0,1,0,0,0,35,55.4,2.4,1.0,5.9,3,0.03,0.01,0.04,3.28,3.3,3.3,0.2,a,5,5,23,28
475,Savona,Nicolò,Savona,Nott'm Forest,17,2,DEF,45,0,0,0,0,0,0,0,0,0,0,0,0,0,0,0.0,0.0,0.0,0.0,0,0.00,0.00,0.00,0.00,0.0,0.0,0.0,i,0,0,0,0
476,O.Richards,Omar,Richards,Nott'm Forest,17,2,DEF,40,0,0,0,0,0,0,0,0,0,0,0,0,0,0,0.0,0.0,0.0,0.0,0,0.00,0.00,0.00,0.00,0.0,0.0,0.2,a,0,0,0,0
477,Abbott,Zach,Abbott,Nott'm Forest,17,2,DEF,40,0,0,0,0,0,0,0,0,0,0,0,0,0,0,0.0,0.0,0.0,0.0,0,0.00,0.00,0.00,0.00,0.0,0.0,0.2,u,0,0,0,0
478,Netz,Luca,Netz,Nott'm Forest,17,2,DEF,45,2,20,0,0,0,1,0,0,0,0,0,0,0,3,2.0,0.9,0.0,0.3,0,0.00,0.00,0.00,0.13,0.7,1.0,0.0,a,1,1,0,1
479,Bindon,Tyler,Bindon,Nott'm Forest,17,2,DEF,40,0,0,0,0,0,0,0,0,0,0,0,0,0,0,0.0,0.0,0.0,0.0,0,0.00,0.00,0.00,0.00,0.0,0.0,0.1,u,0,0,0,0
480,Gibbs-White,Morgan,Gibbs-White,Nott'm Forest,17,3,MID,79,18,270,1,1,1,3,0,0,0,0,0,0,3,49,62.0,24.8,46.0,13.2,3,1.40,0.11,1.51,3.28,6.0,6.0,9.4,a,4,9,2,15
482,Hudson-Odoi,Callum,Hudson-Odoi,Nott'm Forest,17,3,MID,59,1,1,0,0,0,0,0,0,0,0,0,0,0,2,0.0,0.3,0.0,0.0,0,0.00,0.00,0.00,0.00,0.3,1.0,0.2,a,0,0,0,0
483,Ndoye,Dan,Ndoye,Nott'm Forest,17,3,MID,55,13,184,1,0,1,1,0,0,0,0,0,0,2,40,37.6,25.8,36.0,10.0,3,0.35,0.63,0.98,2.48,4.3,4.3,0.7,a,2,13,2,17
484,Hutchinson,Omari,Hutchinson,Nott'm Forest,17,3,MID,54,0,0,0,0,0,0,0,0,0,0,0,0,0,0,0.0,0.0,0.0,0.0,0,0.00,0.00,0.00,0.00,0.0,0.0,0.1,u,0,0,0,0
485,Bakwa,Dilane,Bakwa,Nott'm Forest,17,3,MID,55,0,0,0,0,0,0,0,0,0,0,0,0,0,0,0.0,0.0,0.0,0.0,0,0.00,0.00,0.00,0.00,0.0,0.0,0.0,u,0,0,0,0
486,McAtee,James,McAtee,Nott'm Forest,17,3,MID,55,7,253,0,0,2,2,0,0,0,1,0,0,0,56,34.0,120.5,10.0,16.5,3,0.13,0.54,0.67,3.15,2.3,2.3,0.1,a,5,14,4,23
487,Dominguez,Nicolás,Domínguez,Nott'm Forest,17,3,MID,49,1,1,0,0,0,0,0,0,0,0,0,0,0,3,0.2,0.0,0.0,0.0,0,0.00,0.00,0.00,0.00,0.3,1.0,0.1,a,0,0,0,0
488,I.Sangaré,Ibrahim,Sangaré,Nott'm Forest,17,3,MID,49,2,90,0,0,0,1,0,0,0,0,0,0,0,10,17.8,13.0,3.0,3.4,1,0.03,0.01,0.04,0.47,0.7,2.0,0.6,a,0,3,3,6
489,Yates,Ryan,Yates,Nott'm Forest,17,3,MID,45,0,0,0,0,0,0,0,0,0,0,0,0,0,0,0.0,0.0,0.0,0.0,0,0.00,0.00,0.00,0.00,0.0,0.0,1.4,a,0,0,0,0
490,Wood,Chris,Wood,Nott'm Forest,17,4,FWD,59,2,44,0,0,0,1,0,0,0,0,0,0,0,6,0.2,2.5,3.0,0.4,0,0.12,0.01,0.13,0.40,0.7,1.0,1.1,a,0,1,0,1
491,Igor Jesus,Igor Jesus,Maciel da Cruz,Nott'm Forest,17,4,FWD,59,4,211,0,0,0,3,0,0,0,1,0,0,0,15,15.0,20.5,69.0,10.5,2,0.96,0.06,1.02,2.48,1.3,1.3,2.8,a,2,2,5,9
493,Kalimuendo,Arnaud,Kalimuendo,Nott'm Forest,17,4,FWD,54,1,1,0,0,0,0,0,0,0,0,0,0,0,3,0.0,0.0,0.0,0.0,0,0.00,0.00,0.00,0.00,0.3,1.0,0.1,a,0,0,0,0
558,Schlager,Xaver,Schlager,Nott'm Forest,17,3,MID,50,8,196,0,0,1,3,0,0,0,0,0,0,0,36,33.0,4.0,10.0,4.8,2,0.08,0.06,0.14,2.94,2.7,2.7,0.1,a,9,11,6,26
581,Diomande,Ousmane,Diomande,Nott'm Forest,17,2,DEF,54,1,1,0,0,0,0,0,0,0,0,0,0,0,3,0.0,0.0,0.0,0.0,0,0.00,0.00,0.00,0.00,0.3,1.0,0.6,a,0,0,0,0
590,Benda,Steven,Benda,Nott'm Forest,17,1,GKP,45,0,0,0,0,0,0,0,0,0,0,0,0,0,0,0.0,0.0,0.0,0.0,0,0.00,0.00,0.00,0.00,0.0,0.0,0.1,a,0,0,0,0
112,Van Hecke,Jan Paul,van Hecke,Spurs,6,2,DEF,49,10,270,0,0,1,5,0,0,0,0,0,0,2,41,71.4,29.3,46.0,14.6,3,0.20,0.07,0.27,5.51,3.3,3.3,7.0,a,5,11,16,21
147,Tosin,Tosin,Adarabioyo,Spurs,6,2,DEF,44,0,0,0,0,0,0,0,0,0,0,0,0,0,0,0.0,0.0,0.0,0.0,0,0.00,0.00,0.00,0.00,0.0,0.0,0.2,a,0,0,0,0
401,Marmoush,Omar,Marmoush,Spurs,6,4,FWD,70,4,173,0,0,1,2,0,0,0,0,0,0,0,20,9.2,37.5,38.0,8.2,2,0.34,0.08,0.42,1.60,1.3,2.0,2.2,a,1,3,0,4
403,Sávio,Sávio,Moreira de Oliveira,Spurs,6,3,MID,65,3,60,0,0,1,0,0,0,0,0,0,0,0,15,6.2,17.3,15.0,3.9,1,0.02,0.27,0.29,0.49,1.0,3.0,0.7,a,0,0,0,0
455,Tonali,Sandro,Tonali,Spurs,6,3,MID,54,9,254,0,0,1,5,0,0,0,0,0,0,0,52,34.0,40.7,12.0,8.7,3,0.09,0.09,0.18,5.51,3.0,3.0,2.7,a,5,10,5,20
494,Vicario,Guglielmo,Vicario,Spurs,6,1,GKP,45,0,0,0,0,0,0,0,0,0,0,0,0,0,0,0.0,0.0,0.0,0.0,0,0.00,0.00,0.00,0.00,0.0,0.0,0.2,u,0,0,0,0
495,Austin,Brandon,Austin,Spurs,6,1,GKP,40,0,0,0,0,0,0,0,0,0,0,0,0,0,0,0.0,0.0,0.0,0.0,0,0.00,0.00,0.00,0.00,0.0,0.0,1.0,a,0,0,0,0
496,Kinsky,Antonín,Kinský,Spurs,6,1,GKP,45,9,270,0,0,1,5,0,0,0,0,0,6,0,43,57.8,10.0,0.0,6.8,3,0.00,0.00,0.00,5.51,3.0,3.0,18.8,a,0,26,6,0
497,Dubravka,Martin,Dubravka,Spurs,6,1,GKP,40,0,0,0,0,0,0,0,0,0,0,0,0,0,0,0.0,0.0,0.0,0.0,0,0.00,0.00,0.00,0.00,0.0,0.0,17.9,a,0,0,0,0
498,Senesi,Marcos,Senesi Barón,Spurs,6,2,DEF,59,3,90,0,0,0,3,0,0,0,0,0,0,0,10,36.6,2.2,0.0,3.9,1,0.00,0.02,0.02,3.87,1.0,3.0,4.9,a,5,2,11,16
499,Pedro Porro,Pedro,Porro Sauceda,Spurs,6,2,DEF,55,8,180,0,0,1,2,0,0,0,0,0,0,1,29,22.6,43.7,27.0,9.3,2,0.36,0.16,0.52,1.64,2.7,4.0,11.5,a,2,5,6,8
500,Romero,Cristian,Romero,Spurs,6,2,DEF,50,0,0,0,0,0,0,0,0,0,0,0,0,0,0,0.0,0.0,0.0,0.0,0,0.00,0.00,0.00,0.00,0.0,0.0,0.1,u,0,0,0,0
502,Robertson,Andrew,Robertson,Spurs,6,2,DEF,45,6,186,0,0,0,4,0,0,0,0,0,0,0,23,49.0,36.3,27.0,11.2,2,0.06,0.08,0.14,4.78,2.0,2.0,3.0,a,3,5,12,15
503,Van de Ven,Micky,van de Ven,Spurs,6,2,DEF,50,9,180,0,0,1,2,0,0,0,1,0,0,3,35,36.6,3.3,14.0,5.4,2,0.57,0.02,0.59,1.64,3.0,4.5,3.8,a,4,8,13,17
505,Spence,Djed,Spence,Spurs,6,2,DEF,45,0,0,0,0,0,0,0,0,0,0,0,0,0,0,0.0,0.0,0.0,0.0,0,0.00,0.00,0.00,0.00,0.0,0.0,0.3,u,0,0,0,0
506,Udogie,Destiny,Udogie,Spurs,6,2,DEF,45,7,86,0,0,1,1,0,0,0,1,0,0,0,21,9.8,13.5,4.0,2.7,1,0.00,0.23,0.23,1.17,2.3,2.3,0.4,a,1,4,3,4
507,Phillips,Ashley,Phillips,Spurs,6,2,DEF,45,0,0,0,0,0,0,0,0,0,0,0,0,0,0,0.0,0.0,0.0,0.0,0,0.00,0.00,0.00,0.00,0.0,0.0,0.0,u,0,0,0,0
508,Davies,Ben,Davies,Spurs,6,2,DEF,40,0,0,0,0,0,0,0,0,0,0,0,0,0,0,0.0,0.0,0.0,0.0,0,0.00,0.00,0.00,0.00,0.0,0.0,0.9,a,0,0,0,0
509,Byfield,Jun'ai,Byfield,Spurs,6,2,DEF,40,0,0,0,0,0,0,0,0,0,0,0,0,0,0,0.0,0.0,0.0,0.0,0,0.00,0.00,0.00,0.00,0.0,0.0,0.1,a,0,0,0,0
510,Rowswell,James,Rowswell,Spurs,6,2,DEF,40,0,0,0,0,0,0,0,0,0,0,0,0,0,0,0.0,0.0,0.0,0.0,0,0.00,0.00,0.00,0.00,0.0,0.0,0.1,a,0,0,0,0
511,Souza,João Victor,de Souza Menezes,Spurs,6,2,DEF,40,0,0,0,0,0,0,0,0,0,0,0,0,0,0,0.0,0.0,0.0,0.0,0,0.00,0.00,0.00,0.00,0.0,0.0,0.2,u,0,0,0,0
512,Kudus,Mohammed,Kudus,Spurs,6,3,MID,65,2,51,0,0,0,1,0,0,0,0,0,0,0,17,6.4,18.4,13.0,3.8,0,0.04,0.17,0.21,0.67,0.7,1.0,0.1,a,0,5,0,5
513,Xavi,Xavi,Simons,Spurs,6,3,MID,60,0,0,0,0,0,0,0,0,0,0,0,0,0,0,0.0,0.0,0.0,0.0,0,0.00,0.00,0.00,0.00,0.0,0.0,0.0,i,0,0,0,0
514,Tel,Mathys,Tel,Spurs,6,3,MID,59,7,230,0,0,1,4,0,0,0,0,0,0,0,38,21.0,49.5,63.0,13.3,3,0.20,0.14,0.34,5.11,2.3,2.3,0.3,a,1,11,1,13
515,Maddison,James,Maddison,Spurs,6,3,MID,64,1,22,0,0,0,0,0,0,0,0,0,0,0,6,4.4,8.3,8.0,2.1,0,0.00,0.01,0.01,0.85,0.3,1.0,0.5,d,0,1,1,2
516,Bentancur,Rodrigo,Bentancur,Spurs,6,3,MID,55,8,225,0,0,1,3,0,0,0,0,0,0,0,39,35.8,25.1,6.0,6.8,2,0.02,0.04,0.06,3.82,2.7,2.7,0.2,a,6,13,14,33
517,Odobert,Wilson,Odobert,Spurs,6,3,MID,55,0,0,0,0,0,0,0,0,0,0,0,0,0,0,0.0,0.0,0.0,0.0,0,0.00,0.00,0.00,0.00,0.0,0.0,0.0,i,0,0,0,0
518,P.M.Sarr,Pape Matar,Sarr,Spurs,6,3,MID,49,0,0,0,0,0,0,0,0,0,0,0,0,0,0,0.0,0.0,0.0,0.0,0,0.00,0.00,0.00,0.00,0.0,0.0,0.1,u,0,0,0,0
519,Gallagher,Conor,Gallagher,Spurs,6,3,MID,54,3,128,0,0,1,2,0,0,0,1,0,0,0,24,10.2,9.9,3.0,2.2,2,0.02,0.12,0.14,2.58,1.0,1.5,0.2,a,5,8,1,14
520,Bergvall,Lucas,Bergvall,Spurs,6,3,MID,54,1,45,0,0,0,2,0,0,0,0,0,0,0,2,0.0,2.0,2.0,0.0,1,0.00,0.01,0.01,1.70,0.3,1.0,0.2,a,1,7,0,8
521,Kulusevski,Dejan,Kulusevski,Spurs,6,3,MID,65,0,0,0,0,0,0,0,0,0,0,0,0,0,0,0.0,0.0,0.0,0.0,0,0.00,0.00,0.00,0.00,0.0,0.0,0.0,i,0,0,0,0
522,Gray,Archie,Gray,Spurs,6,3,MID,50,4,152,0,0,0,4,0,0,0,0,0,0,0,24,8.0,4.8,0.0,1.3,2,0.00,0.01,0.01,3.91,1.3,2.0,0.2,a,1,5,5,11
523,Moore,Mikey,Moore,Spurs,6,3,MID,50,3,89,0,0,0,4,0,0,0,0,0,0,0,11,14.2,6.3,56.0,7.5,1,0.40,0.02,0.42,3.26,1.0,1.5,0.1,u,1,2,0,3
524,Olusesi,Callum,Olusesi,Spurs,6,3,MID,45,0,0,0,0,0,0,0,0,0,0,0,0,0,0,0.0,0.0,0.0,0.0,0,0.00,0.00,0.00,0.00,0.0,0.0,0.7,a,0,0,0,0
525,Fernandes,Mateus,Fernandes,Spurs,6,3,MID,59,3,142,0,0,0,3,0,0,0,1,0,0,0,33,21.2,73.9,3.0,9.7,1,0.01,0.23,0.24,2.94,1.0,1.0,1.1,a,4,6,0,10
526,Solanke,Dominic,Solanke-Mitchell,Spurs,6,4,FWD,59,3,43,0,0,0,0,0,0,0,0,0,0,0,8,3.2,0.6,15.0,1.9,0,0.44,0.00,0.44,0.89,1.0,1.0,1.0,a,0,0,1,1
527,Richarlison,Richarlison,de Andrade,Spurs,6,4,FWD,59,2,67,0,0,0,3,0,0,0,0,0,0,0,6,0.0,2.2,0.0,0.2,1,0.00,0.00,0.00,3.02,0.7,2.0,1.2,u,0,0,1,1
528,Scarlett,Dane,Scarlett,Spurs,6,4,FWD,45,0,0,0,0,0,0,0,0,0,0,0,0,0,0,0.0,0.0,0.0,0.0,0,0.00,0.00,0.00,0.00,0.0,0.0,1.5,u,0,0,0,0
578,Mudryk,Mykhailo,Mudryk,Spurs,6,3,MID,54,1,16,0,0,0,0,0,0,0,0,0,0,0,3,0.0,0.1,2.0,0.1,0,0.00,0.00,0.00,0.16,0.3,1.0,0.1,a,0,0,0,0
601,Williams-Barnett,Luca,Williams-Barnett,Spurs,6,3,MID,45,0,0,0,0,0,0,0,0,0,0,0,0,0,0,0.0,0.0,0.0,0.0,0,0.00,0.00,0.00,0.00,0.0,0.0,0.1,a,0,0,0,0
501,Danso,Kevin,Danso,Sunderland,56,2,DEF,50,2,90,0,0,0,1,0,0,0,0,0,0,0,9,20.8,10.9,0.0,3.2,1,0.00,0.08,0.08,1.21,0.7,2.0,0.2,a,1,3,7,8
529,Roefs,Robin,Roefs,Sunderland,56,1,GKP,50,9,270,0,0,1,3,0,0,0,0,0,2,0,40,31.8,0.0,0.0,3.2,3,0.00,0.00,0.00,3.96,3.0,3.0,3.2,a,0,28,4,0
530,Patterson,Anthony,Patterson,Sunderland,56,1,GKP,40,0,0,0,0,0,0,0,0,0,0,0,0,0,0,0.0,0.0,0.0,0.0,0,0.00,0.00,0.00,0.00,0.0,0.0,0.1,u,0,0,0,0
531,Ellborg,Melker,Ellborg,Sunderland,56,1,GKP,45,0,0,0,0,0,0,0,0,0,0,0,0,0,0,0.0,0.0,0.0,0.0,0,0.00,0.00,0.00,0.00,0.0,0.0,0.1,a,0,0,0,0
532,Ballard,Daniel,Ballard,Sunderland,56,2,DEF,49,12,270,0,0,1,3,0,0,0,1,0,0,0,43,66.8,12.7,15.0,9.4,3,0.09,0.15,0.24,3.96,4.0,4.0,3.6,a,5,6,24,29
533,Mukiele,Nordi,Mukiele,Sunderland,56,2,DEF,55,13,180,0,0,1,1,0,0,0,0,0,0,1,44,75.0,13.0,2.0,9.0,2,0.00,0.03,0.03,2.16,4.3,6.5,2.3,a,6,10,27,33
534,Hume,Trai,Hume,Sunderland,56,2,DEF,45,9,195,0,0,1,1,0,0,0,0,0,0,0,46,31.8,58.6,15.0,10.6,2,0.04,0.28,0.32,3.09,3.0,3.0,4.7,a,9,12,3,12
535,Alderete,Omar,Alderete,Sunderland,56,2,DEF,49,1,23,0,0,0,1,0,0,0,0,0,0,0,2,0.0,0.6,0.0,0.0,0,0.00,0.01,0.01,0.10,0.3,1.0,0.3,a,0,2,0,0
536,Reinildo,Reinildo,Mandava,Sunderland,56,2,DEF,45,9,270,0,0,1,3,0,0,0,0,0,0,0,49,53.8,35.0,6.0,9.5,3,0.00,0.31,0.31,3.96,3.0,3.0,0.4,a,7,15,15,22
537,Seelt,Jenson,Seelt,Sunderland,56,2,DEF,45,0,0,0,0,0,0,0,0,0,0,0,0,0,0,0.0,0.0,0.0,0.0,0,0.00,0.00,0.00,0.00,0.0,0.0,0.0,u,0,0,0,0
538,Hjelde,Leo Fuhr,Hjelde,Sunderland,56,2,DEF,40,0,0,0,0,0,0,0,0,0,0,0,0,0,0,0.0,0.0,0.0,0.0,0,0.00,0.00,0.00,0.00,0.0,0.0,0.0,u,0,0,0,0
539,O'Nien,Luke,O'Nien,Sunderland,56,2,DEF,40,1,66,0,0,0,1,0,0,0,1,0,0,0,1,11.4,1.4,4.0,1.7,1,0.01,0.01,0.02,1.69,0.3,1.0,2.8,a,1,4,4,5
540,Masuaku,Arthur,Masuaku,Sunderland,56,2,DEF,40,0,0,0,0,0,0,0,0,0,0,0,0,0,0,0.0,0.0,0.0,0.0,0,0.00,0.00,0.00,0.00,0.0,0.0,0.2,u,0,0,0,0
541,Meunier,Thomas,Meunier,Sunderland,56,2,DEF,45,9,243,0,0,1,3,0,0,0,0,0,0,0,32,41.6,26.8,26.0,9.5,3,0.21,0.13,0.34,3.51,3.0,3.0,0.3,a,2,8,12,14
542,E.Le Fée,Enzo,Le Fée,Sunderland,56,3,MID,59,13,258,1,0,1,2,0,0,0,0,0,0,1,51,48.0,34.8,54.0,13.8,3,1.21,0.23,1.44,3.76,4.3,4.3,5.2,a,6,7,1,14
543,Diarra,Habib,Diarra,Sunderland,56,3,MID,54,5,28,0,1,0,1,0,0,0,0,0,0,0,18,15.6,10.9,2.0,2.9,0,0.03,0.16,0.19,0.12,1.7,2.5,0.0,i,0,0,0,0
544,Xhaka,Granit,Xhaka,Sunderland,56,3,MID,55,18,270,0,1,1,3,0,0,0,1,0,0,5,72,54.4,109.8,3.0,16.7,3,0.06,0.57,0.63,3.96,6.0,6.0,4.5,a,5,23,7,35
545,Sadiki,Noah,Sadiki,Sunderland,56,3,MID,50,6,253,0,0,1,3,0,0,0,1,0,0,0,55,41.8,54.9,79.0,17.6,3,0.36,0.23,0.59,3.57,2.0,2.0,0.3,a,3,7,6,16
546,Adingra,Simon,Adingra,Sunderland,56,3,MID,49,0,0,0,0,0,0,0,0,0,0,0,0,0,0,0.0,0.0,0.0,0.0,0,0.00,0.00,0.00,0.00,0.0,0.0,0.0,u,0,0,0,0
547,Mundle,Romaine,Mundle,Sunderland,56,3,MID,49,1,1,0,0,0,0,0,0,0,0,0,0,0,2,8.0,0.1,17.0,2.5,0,0.17,0.00,0.17,0.09,0.3,1.0,0.0,a,0,0,1,1
548,Rigg,Chris,Rigg,Sunderland,56,3,MID,49,2,17,0,0,0,1,0,0,0,0,0,0,0,6,0.0,0.3,0.0,0.0,0,0.00,0.00,0.00,0.44,0.7,1.0,0.1,a,0,1,0,1
549,Talbi,Chemsdine,Talbi,Sunderland,56,3,MID,54,1,31,0,0,0,1,0,0,0,0,0,0,0,1,0.0,0.9,0.0,0.0,0,0.00,0.00,0.00,0.14,0.3,1.0,0.2,a,0,2,0,2
550,Jocelin.T,Djiamgone Jocelin Ta,Bi,Sunderland,56,3,MID,50,0,0,0,0,0,0,0,0,0,0,0,0,0,0,0.0,0.0,0.0,0.0,0,0.00,0.00,0.00,0.00,0.0,0.0,0.0,a,0,0,0,0
551,N.Angulo,Nilson,Angulo,Sunderland,56,3,MID,50,10,185,1,0,1,2,0,0,0,1,0,0,0,47,48.6,25.7,32.0,10.6,3,0.15,0.12,0.27,3.00,3.3,3.3,0.1,a,3,12,2,17
552,Brobbey,Brian,Brobbey,Sunderland,56,4,FWD,59,6,219,0,0,1,2,0,0,0,0,0,0,0,17,4.4,41.4,44.0,8.9,3,0.59,0.06,0.65,3.48,2.0,2.0,8.1,a,0,6,1,7
553,Isidor,Wilson,Isidor,Sunderland,56,4,FWD,55,13,75,1,1,0,1,0,0,0,0,0,0,3,47,29.4,0.6,35.0,6.5,0,1.49,0.01,1.50,0.92,4.3,4.3,1.4,a,0,2,0,2
612,Methalie,Dayann,Méthalie,Sunderland,56,2,DEF,45,0,0,0,0,0,0,0,0,0,0,0,0,0,0,0.0,0.0,0.0,0.0,0,0.00,0.00,0.00,0.00,0.0,0.0,0.0,a,0,0,0,0
613,Ahoka,Jules,Ahoka,Sunderland,56,3,MID,45,0,0,0,0,0,0,0,0,0,0,0,0,0,0,0.0,0.0,0.0,0.0,0,0.00,0.00,0.00,0.00,0.0,0.0,0.2,a,0,0,0,0
646,Fofana,Malick,Fofana,Sunderland,56,3,MID,55,1,16,0,0,0,0,0,0,0,0,0,0,0,3,0.0,0.5,0.0,0.1,0,0.00,0.00,0.00,0.39,1.0,1.0,0.0,a,0,0,0,0
651,J.Angulo,Juan,Angulo,Sunderland,56,4,FWD,45,0,0,0,0,0,0,0,0,0,0,0,0,0,0,0.0,0.0,0.0,0.0,0,0.00,0.00,0.00,0.00,0.0,0.0,0.4,a,0,0,0,0
